student_id,branch,cgpa,tenth_pct,twelfth_pct,backlogs,aptitude_score,coding_score,communication_score,projects,internships,certifications,placed
S0001,EEE,6.41,99.0,89.4,0,57.1,46.7,8.4,1,0,1.0,0
S0002,AI&DS,6.53,91.8,92.1,0,21.2,25.1,7.8,1,0,3.0,0
S0003,MECH,9.51,89.0,83.5,2,50.4,73.3,5.9,2,1,1.0,1
S0004,EEE,8.92,76.9,66.3,1,77.9,36.4,4.0,3,1,0.0,1
S0005,CSE,6.93,72.9,81.4,0,10.4,71.0,5.1,1,1,5.0,1
S0006,CIVIL,6.97,86.3,84.7,0,70.8,38.0,3.1,0,0,6.0,0
S0007,EEE,6.27,71.2,83.5,0,19.4,29.4,7.5,3,3,1.0,0
S0008,EEE,5.58,78.1,84.1,4,53.9,64.3,3.4,2,1,2.0,0
S0009,CSE,7.19,79.1,80.3,0,40.8,66.1,6.5,2,3,3.0,1
S0010,AI&DS,6.4,92.7,76.3,0,63.5,69.1,4.7,1,0,1.0,1
S0011,AI&DS,7.22,77.2,71.5,0,100.0,63.8,3.7,2,0,1.0,1
S0012,CIVIL,5.86,60.5,59.9,0,10.0,26.9,6.4,0,2,4.0,0
S0013,ECE,6.61,84.0,80.1,0,59.9,51.5,5.5,0,2,1.0,0
S0014,MECH,7.43,74.4,78.7,0,28.9,67.8,7.3,1,0,1.0,1
S0015,AI&DS,7.63,80.3,82.0,0,64.0,60.5,4.0,0,1,4.0,1
S0016,IT,7.68,79.3,65.0,0,54.9,92.5,4.8,1,1,2.0,1
S0017,ECE,6.11,77.8,82.8,2,47.4,53.0,2.2,1,0,3.0,0
S0018,CSE,8.07,86.3,95.5,1,47.5,64.6,2.5,3,1,2.0,1
S0019,MECH,6.58,67.7,77.7,0,60.9,44.5,8.9,2,0,1.0,1
S0020,ECE,7.87,75.9,76.4,0,37.8,50.0,9.3,2,0,4.0,1
S0021,EEE,7.29,85.5,79.8,0,73.5,20.2,6.1,2,2,3.0,0
S0022,IT,6.06,75.1,95.3,2,39.0,46.9,4.7,2,1,2.0,0
S0023,CIVIL,7.02,67.1,67.8,1,31.7,46.5,5.5,0,2,2.0,0
S0024,MECH,7.63,85.3,78.8,0,81.6,38.1,7.4,4,1,1.0,1
S0025,EEE,7.85,89.0,69.8,2,58.4,53.7,5.2,2,3,0.0,1
S0026,CSE,7.17,79.6,72.1,0,82.6,55.6,6.4,3,1,0.0,1
S0027,AI&DS,8.68,64.3,76.6,0,84.3,79.0,6.0,2,1,0.0,1
S0028,CSE,8.21,85.6,89.1,0,50.3,74.0,5.1,2,0,2.0,1
S0029,CSE,7.07,66.7,93.2,0,51.9,57.8,5.2,1,1,2.0,1
S0030,EEE,7.98,82.5,81.0,0,62.2,22.1,6.5,3,1,2.0,0
S0031,EEE,9.04,72.9,73.6,0,91.8,88.5,4.4,1,1,1.0,1
S0032,CIVIL,9.06,70.7,99.0,3,75.7,51.9,6.7,1,0,3.0,1
S0033,IT,6.19,76.5,73.2,0,48.8,47.8,5.2,2,0,2.0,1
S0034,AI&DS,6.47,78.5,71.9,1,45.3,44.5,6.2,0,2,2.0,0
S0035,AI&DS,8.64,74.8,61.0,1,64.9,54.7,8.2,2,2,1.0,1
S0036,CSE,6.35,84.7,89.6,0,66.9,79.6,5.7,0,0,1.0,0
S0037,CSE,6.11,76.4,85.7,2,45.5,75.2,7.5,0,1,2.0,0
S0038,AI&DS,6.86,87.8,98.8,0,45.6,61.8,3.1,0,1,6.0,1
S0039,IT,7.68,82.2,64.5,0,49.6,56.2,5.2,3,2,2.0,1
S0040,ECE,7.21,74.4,90.1,0,46.0,55.2,6.0,0,0,1.0,0
S0041,AI&DS,6.71,73.1,77.6,0,29.3,53.9,9.1,1,1,3.0,0
S0042,MECH,6.69,66.8,84.3,2,38.9,36.7,2.9,1,0,3.0,0
S0043,EEE,6.66,82.3,62.2,0,72.3,46.6,5.8,1,0,0.0,1
S0044,IT,6.51,77.2,90.2,0,45.6,42.9,8.3,1,2,3.0,1
S0045,MECH,9.35,61.0,84.1,0,82.0,61.1,4.7,1,0,0.0,1
S0046,MECH,7.57,75.7,76.6,0,20.0,49.5,5.7,2,0,2.0,0
S0047,AI&DS,8.1,72.8,82.8,1,69.9,72.2,6.5,1,0,3.0,1
S0048,IT,6.86,92.6,70.1,0,49.1,41.6,6.3,2,1,0.0,0
S0049,EEE,7.13,66.4,71.8,1,46.4,56.5,8.5,1,1,2.0,1
S0050,CSE,6.66,68.5,72.8,0,52.6,34.9,6.7,0,0,5.0,0
S0051,CSE,5.0,88.9,60.3,1,29.2,31.3,8.1,2,1,3.0,0
S0052,CSE,6.06,90.9,84.8,0,13.2,38.5,5.4,3,2,0.0,0
S0053,EEE,5.67,74.0,87.7,0,55.8,13.9,4.8,3,0,0.0,0
S0054,ECE,5.28,74.9,70.7,0,42.4,51.1,5.6,5,2,1.0,0
S0055,EEE,6.22,84.9,80.1,0,41.7,19.1,4.1,2,0,4.0,0
S0056,EEE,8.49,61.4,74.6,1,50.0,37.9,6.8,3,1,4.0,1
S0057,AI&DS,7.26,65.1,80.0,0,32.6,79.6,5.4,2,0,1.0,1
S0058,ECE,8.46,77.8,71.4,0,67.7,40.1,4.9,1,0,0.0,1
S0059,CSE,7.67,92.4,69.0,2,82.2,54.6,6.8,2,0,2.0,0
S0060,CSE,8.0,76.5,86.5,0,63.7,41.0,4.2,1,0,3.0,0
S0061,ECE,6.49,80.8,76.4,0,27.8,55.0,7.2,2,2,1.0,0
S0062,AI&DS,7.77,89.1,95.2,4,62.1,74.9,5.2,2,1,3.0,0
S0063,ECE,7.96,96.9,77.4,0,59.4,62.0,7.9,1,3,1.0,1
S0064,EEE,6.78,75.4,68.7,1,63.8,51.1,5.4,0,1,1.0,0
S0065,ECE,7.8,79.9,88.0,0,68.1,48.4,7.0,2,1,3.0,1
S0066,ECE,7.81,94.6,82.7,1,14.3,37.1,6.3,2,0,3.0,0
S0067,ECE,6.81,67.8,83.5,0,59.2,25.5,7.2,2,1,,1
S0068,IT,6.29,88.2,87.7,0,31.9,74.4,6.2,2,0,1.0,1
S0069,CSE,6.23,71.9,71.1,0,25.1,64.1,3.3,2,3,,1
S0070,AI&DS,7.38,80.8,75.9,1,52.8,43.3,7.6,2,3,2.0,1
S0071,CSE,7.59,78.1,75.5,0,63.5,58.5,5.9,2,0,1.0,0
S0072,AI&DS,6.59,72.3,65.4,4,24.7,46.0,7.3,2,1,1.0,0
S0073,MECH,7.32,72.1,74.6,0,65.8,22.7,7.1,1,1,2.0,0
S0074,IT,7.81,82.2,89.0,0,70.6,62.5,4.8,4,1,1.0,1
S0075,CSE,7.86,88.0,79.1,2,60.2,51.4,4.5,1,0,3.0,0
S0076,IT,8.7,79.0,64.9,0,53.2,46.3,7.0,1,1,0.0,1
S0077,IT,8.45,80.6,63.0,0,49.5,34.8,5.5,2,2,4.0,1
S0078,ECE,6.4,84.6,92.0,1,63.2,8.9,7.5,1,0,,0
S0079,ECE,8.82,72.2,76.2,0,44.5,46.0,5.7,0,1,2.0,0
S0080,EEE,6.82,85.9,71.2,0,67.1,39.5,7.6,2,0,4.0,1
S0081,ECE,8.24,86.6,74.5,0,60.0,33.0,6.7,2,3,3.0,1
S0082,AI&DS,7.36,99.0,63.7,0,54.1,68.7,6.5,3,0,1.0,1
S0083,MECH,6.93,77.0,89.8,0,26.4,40.5,5.4,2,0,,0
S0084,CSE,5.67,76.3,73.5,0,39.8,57.2,6.4,0,0,0.0,0
S0085,CSE,7.15,86.2,89.3,0,63.0,51.6,7.9,1,2,6.0,1
S0086,CSE,5.9,86.6,77.5,0,23.7,32.6,5.9,6,1,2.0,0
S0087,EEE,8.17,75.7,89.9,0,69.4,51.4,6.8,1,0,0.0,1
S0088,AI&DS,8.67,76.8,79.3,0,67.3,40.2,6.1,1,0,2.0,1
S0089,CSE,6.58,84.3,84.7,0,39.6,61.9,6.2,0,2,3.0,0
S0090,ECE,7.57,73.4,83.5,0,70.0,27.8,8.8,1,1,3.0,1
S0091,CSE,6.65,76.7,82.6,0,16.7,69.5,7.9,1,0,1.0,0
S0092,EEE,6.73,80.7,80.1,2,55.7,34.2,6.1,2,3,3.0,0
S0093,AI&DS,8.0,88.0,74.9,0,84.9,80.4,6.3,1,0,6.0,1
S0094,AI&DS,7.27,75.2,94.2,0,76.3,34.5,4.9,0,1,1.0,1
S0095,IT,8.87,65.3,68.8,0,73.4,52.5,5.7,1,0,2.0,1
S0096,ECE,6.87,64.7,77.0,0,47.0,48.6,6.5,2,1,0.0,1
S0097,AI&DS,8.2,69.9,77.1,1,52.7,83.6,7.4,2,2,0.0,1
S0098,CSE,7.39,69.5,80.6,2,51.2,88.2,7.2,0,0,1.0,0
S0099,CSE,8.02,78.8,73.1,2,68.9,61.1,4.2,0,1,4.0,0
S0100,CIVIL,6.9,70.5,79.8,0,39.7,76.5,7.6,1,2,1.0,1
S0101,MECH,7.26,74.4,75.5,0,66.0,38.2,5.9,2,2,4.0,1
S0102,EEE,7.2,73.8,62.8,0,86.2,64.3,4.4,1,1,3.0,1
S0103,IT,6.55,76.5,77.1,0,48.1,33.6,8.1,1,1,3.0,0
S0104,CIVIL,7.9,90.6,67.1,0,39.6,55.6,8.3,2,2,1.0,1
S0105,EEE,7.89,85.3,61.4,0,39.5,3.0,6.4,1,0,1.0,0
S0106,EEE,7.83,80.1,78.2,0,,25.9,7.1,5,0,1.0,1
S0107,AI&DS,8.68,76.3,81.4,2,65.2,73.2,7.2,5,0,0.0,1
S0108,IT,8.6,76.5,81.7,0,78.6,38.9,8.2,0,2,2.0,1
S0109,CSE,6.96,82.6,82.1,0,44.3,62.1,7.2,3,0,3.0,1
S0110,MECH,7.64,84.7,59.6,2,70.1,63.2,,2,0,2.0,0
S0111,AI&DS,6.74,72.7,64.8,1,48.1,43.1,9.2,2,1,5.0,1
S0112,CSE,7.32,80.3,94.8,0,44.2,37.7,7.7,0,0,1.0,0
S0113,IT,6.76,63.7,67.6,0,44.7,43.8,5.2,3,0,2.0,1
S0114,ECE,8.76,81.7,82.5,0,48.7,34.4,4.4,0,1,6.0,0
S0115,CSE,7.63,86.1,70.8,0,87.5,56.0,6.8,4,0,3.0,1
S0116,MECH,7.1,77.8,77.7,0,52.0,44.8,5.6,1,3,1.0,1
S0117,EEE,8.37,94.5,71.3,0,73.3,44.6,6.5,4,0,2.0,0
S0118,EEE,5.35,73.0,82.1,0,31.3,64.1,7.2,0,2,2.0,0
S0119,AI&DS,5.49,81.7,78.2,0,24.7,31.5,5.1,2,1,1.0,0
S0120,ECE,8.02,79.7,73.0,0,57.2,74.7,4.2,1,0,4.0,0
S0121,ECE,7.35,79.2,67.5,1,72.0,24.5,6.6,2,0,4.0,0
S0122,ECE,7.53,79.1,79.4,0,,46.7,5.1,3,1,0.0,1
S0123,CSE,6.11,80.9,66.1,0,32.4,71.3,6.2,0,0,2.0,0
S0124,AI&DS,7.28,86.8,80.8,0,57.2,77.4,3.9,5,0,3.0,1
S0125,CSE,9.1,91.0,99.0,1,76.9,58.8,5.6,2,3,5.0,1
S0126,AI&DS,8.04,80.0,89.2,0,85.6,71.0,7.1,0,1,4.0,1
S0127,IT,7.45,86.5,83.5,1,61.5,64.9,7.0,3,2,1.0,1
S0128,CSE,6.9,74.4,76.2,0,61.5,43.4,4.7,1,0,2.0,1
S0129,CSE,6.94,86.1,59.6,0,62.9,65.6,4.1,3,0,0.0,1
S0130,ECE,5.38,73.9,65.1,0,22.4,67.9,6.0,2,1,2.0,0
S0131,CSE,7.53,88.7,88.5,0,42.4,66.4,6.9,3,0,2.0,1
S0132,CIVIL,8.06,97.7,69.9,1,44.8,59.3,6.6,1,0,2.0,1
S0133,ECE,5.88,79.0,70.7,0,23.7,48.3,5.2,2,0,1.0,0
S0134,IT,6.7,62.5,75.5,0,62.2,24.7,,3,0,1.0,1
S0135,ECE,6.26,75.6,67.4,0,51.0,46.5,8.4,1,2,1.0,0
S0136,CSE,6.43,89.9,66.0,0,49.2,31.5,6.3,1,0,1.0,0
S0137,CIVIL,7.35,84.4,76.5,0,16.5,33.1,3.4,0,3,2.0,0
S0138,AI&DS,5.42,82.0,69.0,0,70.8,85.8,6.3,0,0,2.0,0
S0139,EEE,7.85,88.1,70.3,2,46.0,42.5,9.3,1,0,5.0,0
S0140,CSE,7.98,83.9,70.0,1,91.2,46.0,3.9,1,0,2.0,1
S0141,AI&DS,7.07,89.7,81.7,2,31.5,76.5,6.0,2,1,3.0,0
S0142,AI&DS,5.07,87.4,74.9,0,25.0,24.6,5.6,3,2,2.0,0
S0143,CIVIL,6.4,92.2,75.4,0,14.8,30.1,6.2,3,2,1.0,0
S0144,ECE,8.41,82.9,82.4,0,69.3,74.4,6.3,0,0,4.0,1
S0145,AI&DS,5.0,87.2,75.7,0,20.1,43.0,7.8,2,1,1.0,0
S0146,IT,6.99,77.5,74.5,0,36.4,24.5,6.1,2,2,1.0,0
S0147,IT,6.24,75.2,81.2,0,25.9,60.0,8.0,0,0,1.0,0
S0148,ECE,8.02,93.7,83.0,0,72.5,40.8,5.8,2,1,2.0,1
S0149,AI&DS,6.69,81.7,75.7,0,60.8,81.6,5.4,1,0,2.0,1
S0150,CSE,7.66,86.4,77.7,2,85.1,46.7,4.9,1,1,1.0,1
S0151,MECH,7.81,81.0,70.0,0,48.8,67.0,3.1,2,1,2.0,1
S0152,MECH,8.95,75.3,69.3,0,71.5,87.7,6.4,2,0,2.0,1
S0153,CSE,7.12,80.1,83.9,0,34.2,38.7,9.3,2,2,2.0,1
S0154,ECE,7.64,91.5,81.0,0,52.7,42.4,6.7,0,1,2.0,1
S0155,CSE,5.96,84.4,81.1,2,36.5,55.4,7.1,4,2,3.0,0
S0156,ECE,8.37,66.3,79.5,0,70.5,34.1,5.3,1,1,1.0,1
S0157,IT,6.62,78.3,77.4,2,64.8,57.0,5.6,2,0,3.0,0
S0158,ECE,6.8,94.3,83.3,1,65.8,36.7,7.6,1,1,3.0,1
S0159,EEE,7.28,78.3,85.4,0,42.2,39.2,9.2,2,0,4.0,1
S0160,EEE,5.89,65.6,85.2,0,58.7,36.5,8.4,2,2,3.0,1
S0161,CSE,7.51,95.1,76.1,0,56.0,58.6,7.3,0,0,1.0,1
S0162,MECH,8.17,85.5,89.5,0,57.1,52.3,6.1,0,3,5.0,1
S0163,IT,7.56,79.4,79.1,0,46.5,46.2,6.3,0,1,2.0,0
S0164,CSE,5.87,77.0,82.7,4,35.2,36.9,4.8,2,1,1.0,0
S0165,ECE,7.19,88.7,79.5,0,80.2,41.1,3.7,2,1,2.0,1
S0166,AI&DS,7.97,75.7,79.2,1,65.0,59.2,4.2,1,1,1.0,1
S0167,MECH,5.61,89.2,70.4,0,44.1,25.5,6.1,0,1,1.0,0
S0168,MECH,6.33,84.3,83.3,4,43.3,44.4,5.5,1,1,2.0,0
S0169,IT,8.09,82.0,99.0,0,98.0,26.3,3.6,5,0,1.0,1
S0170,CIVIL,7.54,81.2,73.6,0,76.5,31.6,5.9,3,1,3.0,0
S0171,IT,7.67,78.6,77.6,0,,52.9,5.5,1,0,4.0,0
S0172,ECE,8.97,88.4,73.0,0,64.3,37.8,4.1,1,1,4.0,1
S0173,IT,7.72,73.1,72.6,1,55.2,89.5,5.4,1,1,5.0,1
S0174,CIVIL,7.89,67.0,90.9,0,61.9,47.9,5.5,3,0,,1
S0175,CSE,9.74,84.9,70.9,0,64.0,74.0,5.0,0,1,2.0,1
S0176,CSE,7.11,85.0,72.7,0,60.0,45.7,7.5,0,1,2.0,1
S0177,AI&DS,6.58,83.8,62.7,0,71.0,51.4,3.0,5,1,3.0,1
S0178,CIVIL,7.69,83.3,70.2,0,38.4,23.2,2.8,2,1,1.0,1
S0179,MECH,7.7,77.4,61.6,0,41.2,43.1,6.0,0,1,3.0,1
S0180,EEE,6.83,86.3,82.7,0,44.0,23.4,6.2,2,1,0.0,1
S0181,MECH,6.37,79.6,99.0,0,41.0,33.2,6.6,1,0,,1
S0182,MECH,9.38,76.1,73.7,0,100.0,7.8,5.1,2,0,0.0,1
S0183,ECE,7.59,77.5,62.0,2,72.4,24.3,4.5,1,1,3.0,0
S0184,IT,6.64,96.2,85.1,0,63.9,79.9,6.0,1,0,2.0,1
S0185,EEE,8.12,66.1,70.5,0,57.6,64.7,5.3,0,0,3.0,1
S0186,ECE,7.2,84.0,88.7,0,49.9,68.5,8.5,1,0,3.0,1
S0187,AI&DS,7.07,66.6,74.5,0,31.4,81.0,5.5,2,0,2.0,0
S0188,CSE,7.81,79.1,71.3,0,70.8,71.8,5.9,1,3,0.0,1
S0189,EEE,6.14,76.5,75.4,0,53.1,28.4,,5,0,0.0,1
S0190,IT,7.62,63.3,83.8,0,76.8,38.2,5.7,2,0,2.0,1
S0191,CIVIL,9.02,83.1,75.0,0,65.6,76.1,6.9,4,2,0.0,1
S0192,IT,7.72,77.0,72.5,0,56.2,59.7,7.0,1,3,1.0,1
S0193,CSE,6.96,63.2,75.2,4,54.8,100.0,7.2,2,0,1.0,0
S0194,MECH,6.84,86.7,65.6,0,64.7,34.3,6.5,2,2,1.0,1
S0195,CSE,6.93,91.5,80.6,0,30.0,91.3,6.3,3,0,3.0,1
S0196,CSE,7.07,91.9,60.9,0,64.2,51.6,6.2,0,2,2.0,0
S0197,ECE,6.96,82.9,73.0,0,52.0,67.3,5.1,2,0,1.0,0
S0198,MECH,8.12,80.4,83.8,1,45.7,81.2,6.5,5,1,2.0,1
S0199,CSE,5.74,90.6,79.7,0,11.3,27.2,9.2,1,0,1.0,0
S0200,IT,8.08,93.5,82.3,0,59.2,51.4,7.9,2,1,0.0,1
S0201,EEE,6.96,89.1,76.4,0,74.0,22.3,6.5,3,0,1.0,1
S0202,CIVIL,7.64,72.5,87.5,0,82.8,22.7,7.4,0,1,2.0,1
S0203,ECE,6.29,81.6,85.3,3,52.2,50.6,4.6,3,1,5.0,0
S0204,CSE,8.5,83.5,81.0,0,94.0,59.4,5.6,2,0,1.0,1
S0205,CSE,8.42,65.5,85.3,1,63.3,63.7,7.5,4,2,1.0,1
S0206,IT,8.16,83.8,83.8,0,76.2,71.8,8.4,0,0,1.0,1
S0207,CSE,5.94,98.2,73.0,3,37.3,12.5,4.8,1,0,0.0,0
S0208,ECE,8.05,85.1,64.9,0,53.3,72.9,5.2,0,0,5.0,1
S0209,CSE,7.66,91.8,80.8,0,47.8,51.6,9.5,5,0,2.0,0
S0210,ECE,5.86,81.5,81.9,1,12.5,45.4,6.2,4,0,3.0,0
S0211,EEE,7.28,79.4,86.8,0,74.1,55.7,8.9,1,1,0.0,1
S0212,ECE,7.63,83.1,68.6,0,48.0,72.0,6.3,1,1,0.0,1
S0213,CSE,7.8,73.5,68.8,4,47.0,57.0,6.4,1,1,3.0,0
S0214,MECH,7.46,72.3,81.1,0,38.6,4.6,5.5,2,1,1.0,0
S0215,EEE,7.56,90.1,76.4,0,54.0,46.7,7.5,2,2,2.0,1
S0216,EEE,8.63,91.0,60.0,0,92.1,55.8,8.2,2,0,2.0,1
S0217,CSE,8.4,72.1,80.4,1,95.2,43.0,4.3,3,1,2.0,1
S0218,CSE,5.0,87.7,60.3,2,11.7,45.0,,1,2,0.0,0
S0219,CIVIL,7.01,79.3,68.5,0,47.4,35.4,7.5,4,0,2.0,1
S0220,AI&DS,7.15,82.7,89.2,0,38.3,29.6,5.8,2,1,4.0,1
S0221,IT,5.72,83.7,93.4,0,57.2,59.3,5.2,3,3,1.0,0
S0222,AI&DS,7.38,88.0,66.1,0,60.0,45.8,7.6,3,1,3.0,1
S0223,ECE,8.42,80.7,74.0,1,54.4,43.0,7.8,3,3,1.0,1
S0224,CIVIL,6.32,91.3,77.4,0,48.3,29.3,5.3,1,0,2.0,0
S0225,IT,7.6,82.5,93.0,0,50.3,81.3,6.3,2,1,1.0,1
S0226,CIVIL,6.48,85.0,72.6,0,72.6,38.3,4.1,2,0,1.0,1
S0227,CSE,6.7,73.3,72.7,0,58.4,53.9,4.6,0,0,2.0,1
S0228,ECE,8.63,97.3,90.9,1,75.7,43.6,6.2,0,3,2.0,1
S0229,ECE,6.81,83.8,73.6,0,11.1,49.9,6.1,2,0,2.0,0
S0230,CSE,7.72,85.7,83.5,0,57.3,84.1,4.5,1,3,3.0,1
S0231,CSE,5.62,67.1,63.7,1,72.8,58.2,4.9,1,1,2.0,0
S0232,AI&DS,8.98,73.4,75.5,3,88.3,79.1,4.3,2,2,2.0,1
S0233,CIVIL,7.84,89.9,62.1,0,31.6,58.8,6.7,3,3,2.0,1
S0234,ECE,7.14,82.3,67.5,2,49.0,16.8,2.9,1,1,1.0,0
S0235,CIVIL,7.82,64.7,84.6,0,41.1,30.5,4.4,1,3,0.0,0
S0236,MECH,6.03,88.3,76.6,1,70.5,32.5,3.0,4,2,4.0,0
S0237,AI&DS,8.36,75.6,74.1,0,67.2,48.6,6.7,0,1,6.0,1
S0238,EEE,7.01,91.3,70.3,0,41.2,22.0,3.1,4,1,4.0,1
S0239,CSE,7.12,79.3,75.0,0,54.0,19.3,6.1,2,0,0.0,0
S0240,CSE,6.86,81.6,79.7,0,12.3,27.8,8.6,1,0,6.0,1
S0241,MECH,6.78,89.4,85.8,0,34.5,36.0,8.7,2,0,3.0,0
S0242,EEE,7.93,72.8,53.4,0,60.5,46.4,3.1,1,1,1.0,0
S0243,IT,7.53,72.1,69.5,0,69.5,42.3,6.5,0,0,3.0,1
S0244,ECE,7.89,78.4,78.4,0,30.6,49.0,4.4,1,1,2.0,0
S0245,ECE,7.29,86.6,76.1,0,49.2,35.7,4.1,2,1,0.0,0
S0246,MECH,7.76,69.4,80.6,0,73.8,67.5,5.8,0,1,2.0,1
S0247,ECE,6.92,66.7,79.4,2,30.2,38.7,8.0,1,2,1.0,0
S0248,AI&DS,9.31,86.6,74.3,4,74.5,81.3,7.0,1,3,3.0,1
S0249,AI&DS,5.89,75.2,72.3,0,44.7,51.4,4.9,1,2,3.0,0
S0250,AI&DS,8.43,76.9,74.8,0,89.8,36.2,7.1,1,1,3.0,1
S0251,ECE,8.53,65.1,87.3,0,61.4,49.7,2.4,3,0,5.0,1
S0252,MECH,6.53,74.6,70.4,0,,15.9,4.8,2,3,2.0,1
S0253,AI&DS,9.31,79.9,76.4,2,83.9,66.0,4.7,2,0,4.0,1
S0254,IT,8.2,87.4,78.7,0,42.3,47.2,6.1,3,0,2.0,1
S0255,IT,8.17,73.8,91.0,0,58.7,68.5,5.7,3,0,1.0,1
S0256,EEE,7.33,93.3,74.3,0,48.4,18.6,5.8,0,1,2.0,1
S0257,MECH,7.1,74.5,85.6,0,51.4,43.1,5.7,1,1,1.0,0
S0258,CSE,7.11,74.5,88.1,1,66.2,65.7,6.0,0,0,3.0,1
S0259,CSE,7.65,92.3,76.4,0,66.1,75.4,6.9,1,2,5.0,0
S0260,ECE,8.56,81.7,75.1,0,53.9,37.0,6.2,2,0,6.0,1
S0261,CSE,7.46,75.6,74.0,0,58.4,57.3,5.5,2,0,3.0,1
S0262,MECH,6.48,78.8,74.7,2,70.8,42.6,6.6,1,0,4.0,1
S0263,IT,8.04,90.8,84.7,0,48.5,89.8,7.3,3,0,1.0,1
S0264,CSE,8.13,91.7,79.1,1,63.8,32.8,5.1,2,2,2.0,1
S0265,CIVIL,7.89,73.5,79.1,2,56.8,30.2,5.9,1,0,4.0,0
S0266,CSE,7.97,79.7,66.9,0,59.4,100.0,7.9,1,0,0.0,1
S0267,IT,7.06,80.7,68.3,2,28.6,49.3,4.2,1,0,2.0,0
S0268,CSE,6.46,72.1,96.3,0,69.5,15.1,8.9,3,2,3.0,1
S0269,CSE,6.52,79.6,75.4,0,37.1,40.2,3.9,2,3,2.0,1
S0270,CSE,5.83,80.0,70.0,0,58.6,0.0,5.4,2,1,2.0,0
S0271,CSE,7.51,89.1,89.9,0,47.4,61.9,4.5,2,1,6.0,1
S0272,CSE,7.22,89.7,79.5,0,45.0,70.9,9.5,1,2,3.0,1
S0273,CSE,6.9,77.4,82.2,0,70.0,36.3,5.2,0,0,2.0,0
S0274,ECE,5.0,78.3,75.8,0,51.5,21.3,5.2,2,0,1.0,0
S0275,EEE,6.18,85.3,74.1,0,49.1,54.8,5.4,4,1,2.0,0
S0276,AI&DS,8.31,75.3,75.5,0,74.5,28.8,6.2,2,0,2.0,0
S0277,IT,6.7,84.7,64.6,0,45.9,27.3,5.5,2,1,1.0,0
S0278,ECE,7.62,79.3,76.2,0,57.5,41.6,5.8,1,1,3.0,1
S0279,MECH,6.05,72.2,79.7,4,35.1,22.2,1.0,3,0,1.0,0
S0280,MECH,8.59,72.3,93.7,3,78.9,46.2,6.1,0,1,4.0,0
S0281,CSE,7.17,91.6,77.8,0,43.6,31.2,6.0,3,0,1.0,1
S0282,CSE,7.56,78.7,56.0,0,79.4,61.6,7.7,2,0,1.0,1
S0283,IT,9.39,93.1,76.2,0,67.0,65.7,8.1,0,2,3.0,1
S0284,IT,8.66,75.9,99.0,1,66.2,74.6,5.7,5,1,0.0,1
S0285,ECE,7.02,82.3,84.8,0,64.2,46.2,7.3,4,0,2.0,1
S0286,AI&DS,6.77,99.0,69.7,1,51.1,56.7,4.2,0,0,2.0,0
S0287,CSE,7.01,71.5,82.3,0,48.2,26.8,7.2,2,0,2.0,0
S0288,AI&DS,7.76,64.8,70.3,0,58.2,68.1,5.1,2,0,4.0,1
S0289,ECE,7.21,90.3,64.8,1,67.6,37.1,4.1,3,0,,1
S0290,CSE,6.94,73.4,73.9,0,42.2,50.7,5.7,3,0,2.0,0
S0291,MECH,8.62,79.8,77.8,1,63.7,71.8,8.2,2,2,1.0,1
S0292,CSE,7.2,75.3,60.2,0,54.3,41.7,6.3,2,2,0.0,1
S0293,CIVIL,9.37,82.1,66.7,0,84.5,82.1,8.4,2,2,,1
S0294,CSE,7.38,72.4,77.1,0,,83.9,4.8,1,1,1.0,1
S0295,MECH,8.91,78.6,73.3,0,95.0,67.9,7.7,3,1,1.0,1
S0296,MECH,7.62,83.6,80.6,0,55.2,27.3,5.0,3,1,0.0,1
S0297,CIVIL,8.17,71.9,66.1,0,58.4,7.7,6.4,1,2,3.0,0
S0298,MECH,6.65,74.4,83.4,0,47.2,60.6,6.3,2,1,1.0,1
S0299,EEE,6.53,77.2,66.3,0,29.1,41.5,7.1,3,1,2.0,0
S0300,ECE,7.71,68.6,91.8,0,42.8,32.3,6.4,2,2,1.0,0
S0301,EEE,8.19,76.6,61.6,0,54.2,71.6,4.8,4,1,5.0,1
S0302,CSE,7.34,81.0,67.2,0,72.3,39.8,7.4,0,0,0.0,1
S0303,ECE,6.14,76.8,80.8,0,45.2,29.0,8.8,2,0,2.0,0
S0304,ECE,6.08,77.8,92.0,2,37.9,46.6,5.1,2,1,0.0,0
S0305,MECH,6.02,79.8,79.8,0,63.1,15.1,3.1,2,0,1.0,0
S0306,AI&DS,5.71,74.8,82.1,0,65.5,44.4,6.8,1,0,2.0,0
S0307,AI&DS,7.4,85.5,77.2,2,74.6,77.3,5.5,4,0,1.0,1
S0308,ECE,8.31,91.5,67.8,0,50.3,54.1,5.8,1,0,1.0,1
S0309,IT,7.29,76.3,72.6,0,47.5,79.6,6.9,0,3,0.0,1
S0310,CSE,5.27,83.9,66.1,0,65.9,65.3,5.3,5,0,3.0,0
S0311,AI&DS,7.13,78.1,65.5,0,57.2,55.1,5.6,0,0,3.0,1
S0312,AI&DS,7.15,82.9,80.6,0,49.8,10.7,5.8,4,1,2.0,1
S0313,IT,9.19,92.5,66.9,2,80.9,46.3,8.4,2,0,2.0,1
S0314,AI&DS,5.99,84.1,79.9,4,59.6,62.6,6.0,2,1,3.0,0
S0315,AI&DS,6.95,65.8,65.3,0,43.6,24.4,4.0,4,1,1.0,0
S0316,IT,8.84,83.6,79.7,0,70.6,59.0,4.1,4,0,3.0,1
S0317,AI&DS,7.7,89.9,72.6,1,72.1,64.9,6.2,0,1,1.0,1
S0318,EEE,7.81,78.2,89.7,0,41.7,75.0,4.2,2,0,1.0,1
S0319,IT,7.4,88.0,79.9,0,56.0,45.7,3.5,3,1,3.0,1
S0320,CIVIL,7.6,74.5,88.1,0,40.7,33.6,,0,3,1.0,1
S0321,MECH,8.0,68.1,70.2,0,45.8,47.2,7.1,3,2,4.0,1
S0322,AI&DS,6.57,81.1,77.5,0,40.7,58.3,5.4,5,0,2.0,1
S0323,IT,8.09,65.9,68.2,0,68.5,57.8,6.5,2,1,5.0,1
S0324,ECE,6.06,78.1,73.3,0,40.3,56.5,6.3,2,2,0.0,0
S0325,MECH,7.6,90.3,74.6,0,47.6,30.6,7.0,1,2,1.0,0
S0326,ECE,7.46,64.7,70.5,2,57.1,47.2,7.0,1,0,2.0,0
S0327,MECH,6.75,69.8,66.1,0,33.4,49.1,1.8,3,1,0.0,0
S0328,ECE,7.28,71.7,64.3,0,61.3,36.3,5.6,0,0,1.0,0
S0329,ECE,6.74,79.5,55.9,0,67.5,56.6,6.8,3,0,1.0,1
S0330,IT,6.34,77.1,67.5,0,46.1,53.0,5.3,2,1,3.0,1
S0331,EEE,6.98,91.2,82.6,3,49.4,57.1,6.1,1,1,1.0,0
S0332,CSE,6.31,87.6,62.6,2,52.7,53.7,7.2,1,0,1.0,0
S0333,EEE,7.59,84.0,64.7,0,26.9,52.9,6.1,3,2,0.0,0
S0334,MECH,6.26,81.2,93.1,0,54.8,25.8,8.4,2,1,,0
S0335,CSE,7.94,83.1,71.3,0,100.0,47.9,7.8,3,3,2.0,1
S0336,ECE,6.24,73.1,79.9,0,44.7,60.9,5.8,5,2,3.0,0
S0337,CSE,6.79,86.9,82.8,0,49.1,65.0,5.7,3,2,4.0,1
S0338,EEE,6.74,71.1,83.0,0,61.7,21.2,1.4,2,2,3.0,1
S0339,CSE,8.49,86.7,63.3,0,89.2,66.6,5.5,4,0,2.0,1
S0340,CIVIL,7.6,89.5,74.9,0,72.0,0.7,3.8,1,0,2.0,0
S0341,CSE,7.11,81.7,62.4,0,21.1,44.0,6.4,1,2,3.0,0
S0342,CIVIL,7.75,78.6,99.0,0,67.0,65.0,6.2,4,0,0.0,1
S0343,MECH,5.4,83.2,62.6,0,78.4,30.2,7.1,3,0,1.0,0
S0344,ECE,7.26,57.1,67.6,0,64.0,46.0,8.2,2,1,1.0,1
S0345,EEE,9.1,82.4,67.6,0,52.1,0.0,6.0,1,0,2.0,1
S0346,EEE,7.42,79.1,63.5,0,60.2,37.3,9.6,1,0,2.0,1
S0347,CIVIL,7.36,79.6,89.2,0,36.3,50.8,6.4,1,1,3.0,1
S0348,IT,7.79,85.7,98.8,0,77.4,67.8,3.9,3,0,3.0,1
S0349,ECE,8.11,79.4,72.7,1,47.1,67.1,5.1,4,1,2.0,1
S0350,CSE,5.5,70.9,65.1,2,41.7,41.2,5.4,3,0,1.0,0
S0351,ECE,5.79,78.9,56.9,0,30.0,31.8,6.9,1,1,3.0,0
S0352,CSE,7.49,80.5,74.8,0,48.3,31.8,4.5,4,0,2.0,1
S0353,ECE,6.66,80.9,74.2,1,,36.3,5.5,3,1,0.0,0
S0354,ECE,8.48,81.3,71.1,0,66.0,27.1,5.7,2,0,2.0,0
S0355,AI&DS,7.02,88.3,79.0,0,44.3,19.2,5.3,1,0,1.0,0
S0356,ECE,5.56,71.3,80.6,0,23.9,12.9,7.3,1,2,1.0,0
S0357,EEE,6.16,81.4,79.9,0,17.8,65.8,7.0,3,0,0.0,0
S0358,EEE,5.0,90.3,74.2,0,17.8,25.1,7.9,2,1,1.0,0
S0359,AI&DS,7.09,66.1,67.1,0,55.0,58.9,5.5,1,0,2.0,1
S0360,ECE,7.13,81.4,83.0,0,68.3,33.2,7.9,2,0,2.0,0
S0361,CIVIL,6.92,75.3,77.1,0,43.5,7.7,3.8,1,0,3.0,0
S0362,CSE,8.27,77.0,85.0,0,86.3,79.6,3.8,2,2,1.0,1
S0363,CSE,8.38,72.8,84.1,0,52.9,21.2,4.1,1,0,1.0,0
S0364,CSE,7.15,78.6,64.2,0,50.2,44.5,6.0,1,0,2.0,1
S0365,ECE,5.38,94.7,64.1,0,23.4,31.4,7.9,2,1,1.0,0
S0366,AI&DS,7.86,69.9,70.2,0,74.3,63.7,5.0,3,0,2.0,1
S0367,EEE,7.8,70.6,67.5,0,90.5,33.2,5.2,1,2,6.0,1
S0368,ECE,7.58,69.6,83.8,1,30.8,10.7,5.7,3,3,2.0,1
S0369,IT,8.18,93.8,80.2,0,56.9,46.1,6.9,0,1,1.0,1
S0370,MECH,6.25,76.3,86.9,0,65.6,23.5,5.2,1,1,3.0,0
S0371,EEE,9.11,79.8,80.6,0,47.8,40.2,5.1,3,0,1.0,1
S0372,IT,6.44,76.8,78.9,1,56.6,69.3,3.8,1,3,2.0,0
S0373,AI&DS,7.97,72.4,87.8,1,78.7,37.0,5.1,3,1,3.0,1
S0374,IT,5.78,78.1,81.2,2,44.0,52.6,7.9,1,0,1.0,0
S0375,CSE,6.46,99.0,77.6,0,56.6,54.0,6.1,0,3,1.0,1
S0376,CSE,8.66,91.1,90.3,0,92.3,82.4,4.8,2,3,0.0,1
S0377,CIVIL,7.07,73.2,78.0,0,82.3,40.1,8.0,1,1,,1
S0378,AI&DS,8.06,85.2,74.3,0,60.1,75.6,5.1,3,0,2.0,1
S0379,AI&DS,7.51,73.3,69.5,0,48.7,54.0,8.3,1,1,4.0,1
S0380,EEE,7.21,65.8,83.3,0,40.4,51.7,8.2,0,2,1.0,1
S0381,ECE,8.53,88.2,88.1,0,79.5,22.8,6.1,2,1,1.0,1
S0382,CIVIL,7.09,89.3,76.5,2,32.7,0.0,3.6,2,0,2.0,0
S0383,EEE,5.7,88.4,88.8,0,38.4,41.6,9.7,1,0,1.0,0
S0384,AI&DS,6.58,76.2,59.3,0,50.8,59.9,6.6,2,0,2.0,1
S0385,AI&DS,7.8,78.7,76.5,0,51.4,68.0,5.5,2,0,3.0,1
S0386,CIVIL,7.66,86.0,76.6,2,62.0,36.2,7.5,1,2,2.0,1
S0387,EEE,5.89,83.1,70.5,2,82.2,63.8,7.1,2,0,0.0,0
S0388,CIVIL,6.65,76.9,98.5,0,48.0,31.4,8.1,0,0,1.0,0
S0389,CSE,6.78,67.0,76.4,3,44.3,60.9,4.9,2,2,1.0,0
S0390,MECH,6.97,80.9,73.3,2,67.6,53.3,6.5,3,1,3.0,0
S0391,ECE,6.06,88.6,77.2,1,48.7,69.2,4.1,2,0,0.0,0
S0392,CSE,6.73,70.4,59.0,2,72.1,46.6,7.1,1,3,5.0,1
S0393,ECE,6.64,85.1,70.2,0,52.2,27.7,6.0,3,0,1.0,1
S0394,EEE,7.99,82.7,85.8,1,56.8,19.7,6.4,3,2,3.0,0
S0395,CSE,8.03,86.0,71.3,0,34.1,89.9,5.8,3,0,4.0,1
S0396,AI&DS,7.17,87.0,69.5,1,29.7,63.2,5.6,2,1,3.0,0
S0397,MECH,6.95,74.4,88.8,0,24.6,50.5,4.6,1,1,3.0,1
S0398,IT,7.43,67.1,89.1,1,61.7,100.0,7.3,1,0,3.0,1
S0399,AI&DS,6.57,75.7,81.7,3,28.7,57.8,8.4,0,1,2.0,0
S0400,AI&DS,6.27,87.1,72.9,0,65.6,25.1,5.1,3,0,2.0,0
S0401,IT,6.45,75.7,74.8,4,48.7,47.2,6.9,3,1,1.0,0
S0402,MECH,6.73,74.4,69.8,0,46.8,22.1,,1,0,1.0,0
S0403,EEE,6.25,65.4,68.0,0,34.0,30.2,6.0,2,2,0.0,1
S0404,CSE,7.45,94.0,67.6,0,65.5,49.2,3.6,4,1,1.0,0
S0405,CIVIL,7.96,86.6,71.4,1,48.2,36.8,3.9,3,1,3.0,0
S0406,MECH,5.87,86.2,67.7,0,28.8,9.0,4.8,1,0,3.0,0
S0407,IT,7.32,87.7,62.9,0,73.0,86.4,2.6,4,1,1.0,1
S0408,MECH,7.1,84.6,79.0,0,58.7,48.5,8.3,1,1,1.0,0
S0409,CSE,7.61,78.0,79.1,0,53.9,53.6,6.6,0,0,0.0,0
S0410,CIVIL,7.29,78.7,92.3,0,64.5,58.3,6.0,0,1,0.0,1
S0411,ECE,5.99,76.6,71.0,2,44.7,45.1,2.5,1,0,1.0,0
S0412,ECE,6.16,99.0,79.7,0,,42.4,3.1,1,0,4.0,0
S0413,CSE,7.33,84.4,79.8,1,43.0,69.2,6.0,0,1,2.0,1
S0414,MECH,8.23,76.3,74.7,0,93.5,52.1,9.2,1,0,3.0,1
S0415,CSE,5.31,83.7,83.7,4,30.4,56.8,4.9,5,0,,0
S0416,IT,7.61,71.9,84.0,0,80.8,72.2,7.4,5,1,3.0,1
S0417,CSE,8.37,92.0,79.9,0,60.7,65.5,5.2,3,1,3.0,1
S0418,EEE,7.16,74.7,74.7,0,66.0,39.0,6.1,1,0,1.0,0
S0419,CSE,7.8,84.0,73.8,0,70.0,88.0,7.9,4,0,3.0,1
S0420,MECH,6.67,88.5,64.7,0,67.1,31.1,5.4,3,1,2.0,1
S0421,ECE,7.19,83.1,69.7,1,41.5,50.8,4.9,0,1,2.0,1
S0422,CSE,5.84,80.8,71.4,0,59.5,55.1,8.3,4,1,2.0,1
S0423,CSE,5.19,80.1,66.9,0,65.8,31.8,6.1,6,1,4.0,0
S0424,CSE,8.15,79.5,81.0,0,57.9,45.7,7.7,1,2,3.0,1
S0425,ECE,6.41,75.4,87.8,4,48.4,32.0,4.9,2,3,2.0,0
S0426,MECH,6.89,76.4,68.8,0,43.9,32.2,8.3,6,0,1.0,0
S0427,IT,6.05,91.8,79.6,0,39.8,20.8,6.4,2,0,3.0,1
S0428,MECH,6.03,79.1,67.7,0,70.5,24.0,6.7,1,0,1.0,0
S0429,CSE,7.14,73.7,74.3,0,38.7,60.1,6.2,3,0,2.0,1
S0430,MECH,6.64,75.9,70.8,0,35.6,64.1,5.2,4,0,3.0,1
S0431,CIVIL,7.64,88.8,82.4,0,81.9,56.6,6.0,1,2,3.0,1
S0432,EEE,7.71,85.4,70.9,0,67.6,0.0,5.3,1,0,2.0,0
S0433,EEE,7.59,84.5,86.1,0,89.1,57.9,7.5,2,0,0.0,1
S0434,MECH,7.51,77.9,74.8,0,50.0,34.7,5.7,0,1,1.0,0
S0435,CSE,8.72,84.6,71.2,0,68.3,73.1,3.6,0,3,6.0,1
S0436,CSE,6.34,74.9,65.7,2,37.4,50.0,3.3,1,0,1.0,0
S0437,CSE,7.25,77.9,79.3,0,56.8,52.0,3.2,0,2,2.0,1
S0438,ECE,8.32,87.8,85.1,0,36.5,48.2,7.0,3,2,2.0,1
S0439,EEE,8.44,87.0,79.5,0,74.4,50.4,4.2,2,1,1.0,0
S0440,ECE,6.02,72.1,97.1,0,49.6,61.9,6.5,4,1,2.0,1
S0441,MECH,7.02,73.2,89.9,2,51.9,41.9,6.2,2,1,2.0,0
S0442,CSE,8.52,80.9,74.2,0,58.9,84.0,5.9,3,0,2.0,1
S0443,EEE,7.76,93.8,74.1,0,45.2,64.6,6.7,3,1,1.0,1
S0444,CSE,7.48,64.7,81.2,0,67.3,69.7,6.3,3,0,2.0,1
S0445,IT,7.1,82.2,69.5,0,35.9,20.9,1.7,3,1,3.0,1
S0446,EEE,6.95,69.0,87.5,2,59.9,63.1,5.5,0,2,0.0,0
S0447,CIVIL,7.56,74.9,80.3,0,88.2,36.9,6.7,5,0,,1
S0448,ECE,7.07,77.1,79.3,0,75.5,56.2,8.6,1,1,2.0,1
S0449,CSE,7.26,76.6,83.2,1,32.1,37.3,8.7,3,0,2.0,1
S0450,ECE,7.37,75.7,92.5,1,47.5,21.9,3.8,2,0,1.0,0
S0451,CSE,6.69,80.1,78.5,0,56.4,89.9,5.4,4,1,1.0,1
S0452,MECH,7.78,75.7,76.0,0,57.8,28.7,3.5,4,0,2.0,0
S0453,EEE,9.8,68.3,90.6,0,54.0,80.8,8.4,4,2,3.0,1
S0454,CSE,5.7,86.2,85.7,1,48.0,48.7,7.6,1,0,1.0,1
S0455,CSE,7.59,86.0,74.1,0,57.2,49.8,6.6,2,2,2.0,1
S0456,CSE,6.62,86.7,77.0,0,78.2,51.0,6.3,2,0,1.0,1
S0457,CIVIL,7.82,67.7,78.8,1,55.4,22.4,8.2,2,0,3.0,0
S0458,AI&DS,7.34,82.4,80.3,0,72.9,56.0,7.9,2,2,2.0,1
S0459,EEE,7.99,85.4,64.8,0,41.5,27.5,7.9,1,1,0.0,1
S0460,ECE,8.36,71.8,63.1,0,48.0,42.8,6.7,2,0,4.0,1
S0461,ECE,7.47,80.1,69.0,2,67.2,62.6,5.4,1,2,2.0,1
S0462,CSE,8.32,79.1,68.3,0,79.4,66.9,7.2,1,0,2.0,1
S0463,CIVIL,5.19,94.7,71.2,0,23.8,3.2,7.3,3,0,1.0,0
S0464,IT,8.73,95.4,82.7,0,66.8,80.8,5.7,0,1,3.0,1
S0465,ECE,7.64,66.7,75.5,1,,45.9,5.4,1,1,3.0,1
S0466,EEE,8.27,99.0,78.8,1,60.0,39.5,7.8,3,1,0.0,1
S0467,ECE,6.2,72.7,66.0,0,58.8,51.6,8.7,3,2,2.0,1
S0468,CIVIL,6.55,87.8,72.8,0,42.5,36.3,,4,1,6.0,1
S0469,CSE,7.43,87.8,82.3,2,52.3,34.6,5.6,2,0,3.0,1
S0470,ECE,7.28,72.0,82.4,1,37.9,79.0,6.6,1,0,2.0,1
S0471,AI&DS,7.55,83.9,70.5,0,47.3,57.2,6.8,1,0,2.0,0
S0472,AI&DS,8.28,79.1,78.5,0,89.2,60.3,5.2,2,1,1.0,1
S0473,CSE,5.71,84.4,96.8,2,43.4,38.8,9.0,3,0,0.0,0
S0474,CSE,8.18,81.8,76.8,2,47.0,83.7,6.7,2,1,4.0,0
S0475,IT,7.31,89.6,70.8,0,50.3,46.1,6.9,1,1,1.0,0
S0476,IT,7.12,80.6,75.4,0,29.6,25.5,8.8,1,2,2.0,1
S0477,AI&DS,5.98,78.7,77.8,0,29.2,35.2,5.3,2,0,2.0,0
S0478,ECE,7.75,88.8,75.6,1,79.0,71.9,5.9,1,0,1.0,1
S0479,ECE,5.13,84.6,76.7,0,35.5,46.8,4.0,3,2,4.0,0
S0480,AI&DS,7.88,85.9,64.0,0,88.0,54.7,5.7,1,1,1.0,1
S0481,AI&DS,5.96,74.7,68.3,0,42.8,74.0,3.6,2,1,4.0,0
S0482,CSE,7.35,71.6,75.7,2,54.8,70.5,7.2,1,1,0.0,1
S0483,ECE,7.19,75.5,75.5,2,63.8,38.3,6.7,2,2,3.0,1
S0484,IT,8.35,75.0,71.9,3,23.3,59.2,5.6,2,0,3.0,0
S0485,CSE,7.14,86.3,75.4,0,56.8,61.3,5.8,4,2,2.0,1
S0486,AI&DS,6.68,87.8,77.5,1,49.3,36.4,7.2,1,0,4.0,0
S0487,AI&DS,6.84,78.8,85.0,1,73.6,53.3,4.2,1,3,4.0,1
S0488,IT,8.45,91.4,76.1,0,78.6,68.7,6.3,0,0,5.0,1
S0489,ECE,7.78,90.9,80.6,0,41.9,14.8,7.1,1,0,5.0,1
S0490,ECE,6.95,81.9,72.1,4,70.9,38.3,3.1,0,0,3.0,0
S0491,EEE,7.09,73.4,82.1,0,49.4,37.0,7.1,0,2,1.0,1
S0492,ECE,5.89,92.6,80.4,0,30.1,55.1,3.3,1,3,1.0,0
S0493,ECE,7.65,79.5,84.8,0,60.8,11.1,5.8,0,0,2.0,0
S0494,IT,5.72,81.0,83.4,0,39.3,39.2,4.1,2,0,0.0,0
S0495,EEE,7.98,77.3,82.3,0,83.5,38.9,8.3,0,0,3.0,1
S0496,ECE,7.42,72.9,76.1,1,61.0,62.9,4.1,2,0,1.0,0
S0497,AI&DS,9.45,68.3,79.2,0,75.3,68.1,3.4,1,2,0.0,1
S0498,ECE,6.31,85.1,86.6,1,60.6,72.2,6.2,3,0,2.0,1
S0499,AI&DS,7.21,73.7,71.1,0,70.7,68.0,5.3,1,3,3.0,1
S0500,ECE,8.92,99.0,71.3,0,79.7,45.9,3.6,3,2,1.0,1
S0501,EEE,8.37,71.3,78.6,1,84.9,55.0,6.8,4,0,4.0,1
S0502,MECH,6.67,69.9,80.7,0,59.1,33.5,2.8,3,1,1.0,0
S0503,CIVIL,7.5,84.1,69.6,0,59.1,61.5,4.3,1,3,2.0,1
S0504,ECE,7.3,92.2,76.3,1,73.6,18.7,5.1,2,2,3.0,1
S0505,ECE,7.55,80.5,76.2,0,55.7,29.9,7.3,3,1,2.0,1
S0506,EEE,6.67,84.6,57.1,0,50.5,48.9,8.1,1,0,1.0,0
S0507,IT,7.22,65.3,75.0,0,80.2,78.8,7.8,0,0,3.0,0
S0508,MECH,5.86,74.6,75.6,3,67.8,0.0,5.8,3,2,3.0,0
S0509,AI&DS,7.42,71.4,75.6,0,55.9,82.8,2.1,0,0,2.0,1
S0510,CSE,7.71,64.8,89.7,0,51.4,55.8,6.6,1,1,1.0,1
S0511,CSE,7.1,80.9,66.1,4,75.3,19.0,8.4,0,1,5.0,0
S0512,MECH,5.85,62.1,69.6,0,55.4,0.0,8.0,1,1,2.0,0
S0513,CSE,8.19,69.4,53.5,0,66.9,32.3,6.7,1,0,0.0,1
S0514,IT,7.63,75.7,72.7,0,52.8,57.6,4.1,0,0,1.0,1
S0515,IT,6.65,73.3,73.4,0,54.7,50.8,5.2,0,2,3.0,1
S0516,CSE,7.05,83.2,72.4,0,52.7,66.5,9.1,3,0,3.0,1
S0517,IT,5.95,82.4,87.0,0,34.2,37.5,3.7,2,0,3.0,0
S0518,EEE,6.38,87.2,84.7,0,49.6,17.4,4.2,0,3,3.0,0
S0519,CSE,6.82,86.0,77.7,0,55.1,45.2,7.5,0,1,2.0,1
S0520,MECH,8.41,89.1,73.7,0,58.2,51.3,5.3,0,1,4.0,1
S0521,MECH,6.72,80.0,86.2,0,64.0,44.9,4.1,3,2,1.0,1
S0522,AI&DS,7.88,82.4,76.8,0,78.9,44.5,8.4,2,1,5.0,1
S0523,CSE,6.82,84.1,69.6,0,65.7,70.2,6.7,1,3,0.0,1
S0524,ECE,7.52,81.1,61.6,1,52.6,33.5,5.4,1,2,2.0,0
S0525,CSE,7.17,76.8,73.0,0,65.3,38.7,4.2,3,0,3.0,1
S0526,AI&DS,8.09,77.3,83.8,0,62.5,50.4,9.3,1,0,2.0,1
S0527,CIVIL,6.82,73.5,97.5,0,32.6,61.5,6.0,3,0,3.0,0
S0528,CIVIL,5.88,83.4,77.6,1,53.8,33.0,8.2,2,1,4.0,0
S0529,EEE,6.06,79.2,70.1,0,47.2,23.3,7.4,1,1,2.0,1
S0530,IT,6.82,74.7,66.3,1,90.1,70.7,5.2,3,1,1.0,1
S0531,EEE,6.18,74.7,82.0,0,67.9,78.0,,1,3,2.0,1
S0532,EEE,7.67,70.3,61.1,0,68.6,50.2,8.3,1,1,1.0,0
S0533,AI&DS,6.88,87.8,82.0,1,55.4,76.9,8.3,2,2,7.0,1
S0534,ECE,9.44,80.6,84.4,0,74.6,76.5,3.0,1,1,1.0,1
S0535,CSE,5.74,73.1,80.9,0,,35.1,6.9,0,1,4.0,0
S0536,CSE,7.48,86.5,75.0,3,30.4,57.6,5.8,1,0,1.0,0
S0537,ECE,6.28,75.5,82.1,0,33.8,13.5,4.3,1,1,2.0,0
S0538,CSE,6.86,68.7,78.5,0,50.7,49.4,6.4,3,1,3.0,1
S0539,CSE,7.43,88.2,70.0,0,24.4,44.9,3.8,0,0,1.0,0
S0540,MECH,5.21,75.7,93.7,0,30.1,23.8,,0,2,1.0,0
S0541,CIVIL,7.51,76.7,73.8,1,53.0,31.0,4.7,2,1,4.0,0
S0542,ECE,9.01,80.3,84.0,0,65.5,48.8,5.2,1,0,1.0,1
S0543,MECH,6.89,89.1,55.2,3,41.8,51.7,5.9,2,2,3.0,0
S0544,CIVIL,7.53,80.2,88.5,0,51.7,43.1,4.4,0,0,3.0,0
S0545,CSE,8.22,70.4,90.2,3,88.2,26.1,8.5,1,1,2.0,1
S0546,AI&DS,7.15,84.4,77.3,1,63.8,40.9,6.8,0,1,1.0,1
S0547,AI&DS,6.78,76.1,82.0,2,42.4,24.0,8.9,1,0,1.0,0
S0548,CSE,5.25,95.1,82.0,0,37.6,48.3,5.7,0,1,5.0,0
S0549,EEE,7.88,80.0,71.2,0,59.2,57.0,5.1,2,0,1.0,1
S0550,AI&DS,7.2,62.1,81.9,0,42.7,60.3,8.8,4,0,1.0,1
S0551,AI&DS,6.39,82.9,69.7,0,36.2,35.6,5.1,2,1,2.0,0
S0552,CSE,7.41,95.6,71.5,0,71.1,61.4,5.7,0,0,3.0,1
S0553,CSE,6.77,92.6,87.1,1,44.5,43.9,7.2,4,3,2.0,1
S0554,MECH,6.82,94.6,85.8,0,34.8,19.5,4.0,6,0,2.0,1
S0555,CSE,7.85,71.8,70.6,1,58.7,73.4,7.1,1,0,0.0,1
S0556,IT,6.1,87.3,70.4,0,47.1,64.3,6.9,1,2,1.0,1
S0557,IT,8.24,74.2,71.2,3,33.0,79.7,8.0,1,1,2.0,0
S0558,AI&DS,6.04,81.8,83.6,0,44.3,36.9,7.4,2,1,1.0,0
S0559,ECE,6.7,69.8,68.0,0,63.2,62.8,8.1,0,1,4.0,1
S0560,AI&DS,9.03,74.8,80.2,1,75.6,57.0,5.8,1,2,0.0,1
S0561,CSE,8.31,74.6,83.7,1,96.6,74.5,4.6,0,0,4.0,1
S0562,IT,7.39,87.2,76.2,1,74.5,46.8,9.4,2,0,2.0,1
S0563,MECH,6.45,86.4,86.1,3,70.0,34.7,3.6,2,3,0.0,0
S0564,ECE,6.82,82.2,74.3,0,93.2,0.0,3.7,0,0,2.0,1
S0565,ECE,7.37,69.2,75.1,1,66.9,38.7,6.9,2,1,3.0,0
S0566,ECE,7.33,77.5,68.2,0,57.7,45.9,8.6,5,1,2.0,1
S0567,EEE,7.22,74.0,86.2,0,69.0,35.7,6.3,0,1,1.0,1
S0568,CSE,7.27,87.0,70.1,0,46.4,89.2,7.6,0,2,2.0,1
S0569,AI&DS,7.11,89.4,80.1,0,55.1,32.8,2.8,1,3,1.0,1
S0570,ECE,6.0,88.5,76.4,0,34.9,25.5,5.2,1,0,2.0,0
S0571,IT,6.84,74.0,67.5,1,57.3,36.0,3.0,1,1,1.0,0
S0572,MECH,8.12,58.1,71.5,0,51.8,38.2,7.2,1,1,1.0,1
S0573,AI&DS,6.07,65.9,89.4,3,34.8,68.2,3.5,3,0,4.0,0
S0574,EEE,7.13,91.4,78.8,0,59.8,71.1,4.0,2,2,3.0,1
S0575,MECH,6.56,76.8,67.9,0,47.0,26.3,6.8,1,1,1.0,0
S0576,ECE,7.4,74.0,79.7,0,26.9,30.9,7.7,0,0,0.0,1
S0577,MECH,6.95,93.1,75.7,0,30.4,19.9,5.7,1,2,3.0,0
S0578,ECE,8.63,90.1,99.0,0,48.4,76.8,6.9,2,3,2.0,1
S0579,MECH,7.76,80.2,79.6,0,45.4,68.0,6.9,0,0,2.0,1
S0580,IT,6.12,77.7,73.6,0,51.8,46.9,5.7,3,2,1.0,1
S0581,AI&DS,7.9,78.9,89.8,0,63.1,33.1,4.2,2,0,3.0,1
S0582,ECE,6.6,81.8,60.4,1,65.4,15.0,6.9,3,0,8.0,0
S0583,CSE,6.78,92.8,77.8,0,62.1,56.1,7.0,1,0,2.0,1
S0584,AI&DS,7.58,83.4,94.9,1,73.3,68.1,7.4,1,2,1.0,1
S0585,MECH,6.86,85.8,76.0,1,60.6,2.1,6.5,0,0,2.0,0
S0586,ECE,8.1,89.4,61.4,0,64.6,42.7,4.1,2,0,1.0,0
S0587,CSE,6.6,70.6,73.4,0,65.9,82.6,7.1,2,1,,1
S0588,IT,6.74,86.0,90.1,0,64.3,48.5,6.0,2,1,3.0,1
S0589,CSE,6.71,77.6,80.4,0,55.9,80.8,5.2,1,0,4.0,1
S0590,CSE,6.79,59.9,69.5,0,70.0,65.3,5.5,1,0,7.0,1
S0591,CIVIL,8.29,63.0,70.8,3,27.7,29.3,4.9,1,2,1.0,0
S0592,AI&DS,7.87,71.9,72.0,0,55.2,53.8,7.4,2,1,2.0,1
S0593,IT,8.84,84.2,80.3,0,62.7,62.8,3.7,4,2,2.0,1
S0594,ECE,9.34,80.9,89.0,0,,38.1,4.4,3,0,1.0,1
S0595,CSE,6.37,81.5,86.5,0,71.1,32.0,5.5,1,1,0.0,1
S0596,IT,7.36,95.6,81.1,0,33.8,85.0,8.6,2,2,2.0,1
S0597,EEE,6.24,69.8,65.0,0,67.7,19.1,7.7,1,0,2.0,0
S0598,ECE,6.6,79.8,65.0,4,,60.3,3.4,0,0,1.0,0
S0599,CIVIL,6.73,82.4,81.8,0,33.3,32.3,8.2,0,0,0.0,0
S0600,ECE,6.35,74.1,64.9,0,43.9,37.8,8.2,5,0,2.0,1
S0601,AI&DS,6.35,80.2,75.0,0,42.7,61.0,4.1,3,0,3.0,0
S0602,EEE,7.17,67.2,79.7,0,30.6,31.8,2.0,1,3,0.0,1
S0603,MECH,6.2,91.3,66.8,2,56.0,48.2,5.9,0,1,2.0,0
S0604,EEE,8.06,74.5,67.8,2,71.3,9.7,7.8,2,1,2.0,0
S0605,CIVIL,6.47,96.3,76.2,2,64.2,47.4,8.5,0,0,2.0,0
S0606,EEE,9.8,79.7,81.5,0,68.5,12.1,4.6,1,1,0.0,1
S0607,MECH,6.89,88.2,86.6,0,51.2,37.3,8.8,0,1,3.0,1
S0608,CSE,7.36,79.6,82.5,1,55.1,72.6,2.4,4,3,1.0,1
S0609,EEE,6.13,79.8,77.7,0,71.0,48.8,5.4,2,1,2.0,1
S0610,AI&DS,8.84,75.3,70.3,0,24.8,40.5,5.3,1,2,7.0,1
S0611,ECE,8.31,81.0,67.4,0,48.7,27.8,7.8,1,0,1.0,0
S0612,ECE,7.57,82.5,72.4,0,57.2,32.5,8.1,1,1,5.0,1
S0613,CIVIL,6.09,73.7,80.7,2,29.0,40.3,7.5,2,2,1.0,0
S0614,CIVIL,7.49,79.0,80.0,0,52.6,6.5,3.8,3,1,3.0,0
S0615,IT,6.29,75.1,58.1,3,45.0,49.7,7.4,0,1,1.0,0
S0616,EEE,8.62,98.4,69.9,0,55.7,57.8,6.8,1,2,2.0,1
S0617,EEE,8.03,79.3,87.8,0,61.8,43.0,3.3,1,2,3.0,1
S0618,IT,7.39,92.4,77.7,0,65.1,66.5,2.7,1,0,2.0,1
S0619,CSE,5.11,78.4,64.2,0,33.9,47.1,7.7,2,0,1.0,0
S0620,CSE,6.41,82.1,98.2,0,41.1,40.4,5.7,3,1,3.0,1
S0621,EEE,7.92,69.4,76.7,0,57.5,10.9,3.9,3,3,1.0,1
S0622,AI&DS,8.39,76.4,80.5,0,63.6,65.1,5.7,1,1,0.0,1
S0623,CIVIL,8.3,81.7,80.6,2,36.9,31.9,6.6,0,0,1.0,0
S0624,AI&DS,5.87,92.7,73.7,0,50.5,36.4,5.9,0,1,2.0,0
S0625,CIVIL,7.57,81.8,70.5,0,50.4,54.7,3.5,0,0,5.0,0
S0626,AI&DS,8.21,91.1,96.1,0,,88.4,9.0,0,0,2.0,1
S0627,EEE,5.81,85.1,86.0,1,51.9,34.3,7.6,5,0,0.0,0
S0628,CSE,7.29,93.0,84.4,0,72.5,66.5,5.5,2,0,0.0,1
S0629,ECE,7.55,79.5,82.2,0,41.8,18.0,5.5,3,1,2.0,0
S0630,MECH,7.03,99.0,68.0,0,47.3,47.0,6.6,0,0,2.0,0
S0631,CIVIL,5.63,76.1,88.5,0,23.0,32.9,4.2,0,0,1.0,0
S0632,MECH,7.01,73.9,69.4,0,42.1,65.6,,0,1,4.0,1
S0633,CSE,7.01,70.3,79.5,0,71.4,44.0,3.9,1,0,4.0,1
S0634,AI&DS,7.17,98.6,62.2,4,76.2,50.6,5.9,1,0,0.0,0
S0635,CSE,6.79,86.6,58.6,0,33.7,73.1,4.1,3,0,1.0,0
S0636,CSE,6.9,77.3,79.9,0,44.9,51.9,4.2,2,0,2.0,1
S0637,ECE,7.26,90.0,69.7,0,53.6,22.7,8.6,2,1,1.0,1
S0638,EEE,7.7,85.5,59.1,0,67.0,94.9,6.1,0,0,4.0,1
S0639,EEE,7.03,95.7,81.9,0,26.4,21.9,6.3,2,0,1.0,0
S0640,MECH,6.93,67.6,96.1,0,28.0,40.6,2.8,2,0,1.0,0
S0641,EEE,7.38,77.9,89.5,0,63.0,51.1,5.0,1,0,2.0,1
S0642,MECH,5.57,76.3,74.7,0,11.9,38.7,6.7,2,0,3.0,0
S0643,CSE,7.73,64.2,77.1,0,51.7,55.0,6.3,2,0,1.0,1
S0644,IT,7.3,88.5,85.0,2,57.4,52.5,2.6,1,0,2.0,1
S0645,ECE,7.34,77.8,87.1,0,61.5,39.8,6.3,2,0,0.0,1
S0646,MECH,8.16,85.9,73.9,0,59.8,28.0,6.6,4,2,4.0,1
S0647,CSE,5.54,98.9,77.3,3,35.5,86.3,8.1,0,0,2.0,0
S0648,ECE,5.52,77.2,79.7,1,53.5,29.2,5.0,1,0,3.0,0
S0649,ECE,7.55,76.6,82.0,0,61.2,56.8,2.4,1,1,4.0,1
S0650,CSE,7.29,80.9,75.8,1,45.2,49.6,4.4,0,0,2.0,0
S0651,AI&DS,7.45,87.9,75.9,0,56.8,50.2,4.2,3,2,1.0,1
S0652,MECH,6.88,75.5,89.4,0,57.4,32.9,7.2,2,0,2.0,0
S0653,ECE,7.9,75.0,87.9,1,85.6,18.1,1.7,2,1,4.0,1
S0654,IT,8.14,88.5,81.3,1,73.5,58.0,5.3,2,3,1.0,1
S0655,MECH,7.74,83.0,92.5,0,76.7,38.9,8.3,2,0,1.0,1
S0656,IT,7.07,63.6,73.5,0,44.0,76.9,6.0,2,0,2.0,1
S0657,MECH,5.4,70.2,91.6,0,32.0,9.9,7.4,5,1,2.0,0
S0658,IT,7.99,92.0,81.9,0,57.0,49.2,3.4,1,3,1.0,0
S0659,ECE,8.4,83.2,99.0,3,61.6,33.5,3.4,2,0,1.0,0
S0660,AI&DS,7.88,73.9,66.3,0,44.5,86.9,8.3,4,1,2.0,1
S0661,IT,6.51,78.6,70.8,0,67.7,34.7,6.2,2,0,2.0,1
S0662,MECH,7.91,80.1,80.8,0,73.1,58.3,6.2,1,1,3.0,1
S0663,CSE,8.07,85.9,80.6,0,56.6,79.1,4.2,3,0,4.0,1
S0664,CSE,8.7,69.1,94.6,0,75.8,61.6,6.2,1,1,2.0,1
S0665,IT,6.51,73.3,71.0,4,52.0,25.1,4.2,3,0,2.0,0
S0666,EEE,7.1,82.2,85.1,0,64.2,16.9,7.9,0,1,0.0,1
S0667,MECH,7.97,79.2,87.5,0,40.2,64.4,10.0,1,0,3.0,1
S0668,CIVIL,7.35,84.6,83.3,0,53.2,20.4,6.8,2,1,3.0,0
S0669,IT,6.29,70.2,68.4,0,46.1,57.4,5.0,1,1,0.0,1
S0670,AI&DS,7.67,82.9,89.7,0,67.3,60.4,1.9,2,2,2.0,0
S0671,CSE,7.82,88.7,88.1,0,49.7,66.3,3.3,0,3,2.0,1
S0672,ECE,7.38,83.9,82.4,0,18.1,53.4,8.5,1,1,1.0,1
S0673,CIVIL,7.5,81.1,78.8,0,40.4,27.4,4.4,2,1,2.0,0
S0674,EEE,7.07,79.2,79.0,2,52.2,24.1,5.4,0,0,1.0,1
S0675,ECE,8.63,73.3,76.3,0,66.6,65.6,7.0,2,2,3.0,1
S0676,AI&DS,6.49,79.4,82.8,0,73.8,39.2,8.4,0,1,5.0,1
S0677,MECH,6.77,90.1,77.3,0,59.5,0.0,5.7,0,1,2.0,0
S0678,AI&DS,7.31,79.0,69.4,0,56.3,68.4,5.4,1,1,4.0,1
S0679,CSE,8.09,72.9,67.6,2,60.8,41.1,6.1,2,2,2.0,1
S0680,AI&DS,5.95,76.1,70.2,0,60.8,56.8,5.0,1,2,1.0,1
S0681,CSE,6.12,81.6,79.0,0,36.7,75.4,5.1,1,2,3.0,1
S0682,CSE,5.47,77.0,76.8,0,38.2,45.3,6.7,2,1,0.0,0
S0683,CSE,7.33,83.9,78.9,3,38.9,75.1,6.3,3,0,3.0,1
S0684,AI&DS,6.29,84.2,81.5,0,68.2,52.9,9.4,3,3,2.0,1
S0685,ECE,6.95,87.1,71.4,0,58.1,72.1,6.7,1,1,2.0,1
S0686,IT,7.9,91.4,90.2,0,49.1,39.4,7.8,0,1,2.0,1
S0687,AI&DS,6.72,88.0,74.6,0,48.7,52.4,4.3,3,1,0.0,1
S0688,CIVIL,7.51,72.5,73.1,2,64.3,58.0,6.8,3,1,1.0,1
S0689,EEE,7.03,72.8,81.3,0,49.1,38.8,4.8,2,1,3.0,1
S0690,ECE,7.9,79.4,60.5,0,51.8,69.5,6.6,1,1,0.0,1
S0691,IT,7.73,76.4,69.9,0,48.6,50.4,7.1,1,2,2.0,1
S0692,MECH,6.68,70.9,85.8,2,55.1,79.6,6.1,3,2,3.0,0
S0693,IT,7.15,76.5,61.4,0,48.4,95.4,9.9,1,1,2.0,1
S0694,IT,8.24,76.2,87.1,0,55.7,67.0,8.3,2,0,2.0,1
S0695,MECH,7.65,74.6,90.6,4,37.8,56.6,7.9,0,1,1.0,0
S0696,ECE,6.04,77.5,73.7,0,46.1,59.1,7.2,3,1,2.0,0
S0697,EEE,7.89,89.4,79.6,2,57.0,25.0,,3,1,1.0,0
S0698,ECE,6.32,81.6,87.1,1,42.4,13.2,3.7,3,2,5.0,0
S0699,ECE,8.57,99.0,72.8,0,68.2,75.5,8.2,3,0,1.0,1
S0700,IT,8.22,81.4,84.8,0,73.6,66.7,4.4,1,0,2.0,1
S0701,IT,7.56,77.7,71.0,0,67.6,53.3,5.1,3,2,1.0,1
S0702,IT,7.44,80.0,72.7,1,64.4,57.1,6.9,5,3,2.0,1
S0703,CSE,7.11,82.1,69.8,1,49.9,9.5,8.0,1,1,2.0,0
S0704,MECH,7.91,83.5,80.1,3,51.4,44.0,4.2,1,0,4.0,0
S0705,IT,6.97,96.6,87.4,0,36.7,39.7,5.2,1,1,1.0,0
S0706,ECE,7.51,73.2,75.3,0,47.8,62.7,6.2,1,1,4.0,1
S0707,EEE,8.08,86.9,65.6,0,61.6,67.6,,5,1,3.0,1
S0708,EEE,6.79,81.7,67.3,0,39.2,51.9,7.4,1,0,1.0,0
S0709,AI&DS,6.75,67.4,80.6,0,52.0,60.2,10.0,1,0,2.0,1
S0710,AI&DS,6.23,86.2,93.6,1,31.9,21.1,6.7,2,1,5.0,0
S0711,CIVIL,6.34,90.1,80.5,0,,49.5,4.8,3,1,,0
S0712,ECE,5.65,73.1,73.5,0,54.1,46.1,3.9,0,1,5.0,0
S0713,MECH,7.96,79.9,83.9,0,53.1,71.6,5.5,3,0,1.0,1
S0714,MECH,8.93,66.2,74.8,0,55.5,94.0,4.5,3,0,0.0,1
S0715,EEE,8.58,69.9,73.6,2,48.9,19.5,6.7,2,0,0.0,0
S0716,CSE,5.84,88.4,68.4,0,49.6,39.8,6.7,0,3,3.0,0
S0717,ECE,7.95,76.3,89.7,0,80.8,33.8,5.3,0,0,1.0,1
S0718,CSE,8.58,71.1,54.1,0,59.2,67.0,9.2,3,1,3.0,1
S0719,ECE,6.89,81.8,84.2,0,48.5,41.8,4.8,3,1,,0
S0720,CIVIL,7.39,75.8,72.8,0,71.8,40.1,5.8,5,2,2.0,1
S0721,ECE,5.49,76.2,73.3,2,13.4,52.7,7.0,3,0,1.0,0
S0722,AI&DS,7.54,85.9,92.2,2,86.4,36.5,7.4,2,1,0.0,1
S0723,CSE,6.34,70.7,70.6,0,84.0,30.5,,0,2,3.0,1
S0724,CIVIL,7.48,72.8,70.9,0,15.8,25.6,6.7,3,0,1.0,0
S0725,CSE,5.89,81.2,75.8,0,42.3,40.7,7.7,3,1,5.0,0
S0726,CSE,7.79,87.8,80.7,0,48.1,35.6,4.9,2,0,1.0,1
S0727,IT,8.22,89.9,73.0,0,58.4,60.6,,2,3,0.0,1
S0728,CSE,6.6,74.7,62.8,1,43.1,48.6,7.4,0,1,4.0,0
S0729,AI&DS,6.28,87.5,69.2,0,59.0,34.9,8.4,0,0,1.0,0
S0730,ECE,5.36,73.7,88.5,1,37.8,49.0,3.3,1,2,3.0,0
S0731,IT,7.06,94.6,77.7,0,39.4,53.4,4.5,2,1,4.0,0
S0732,CSE,6.78,70.9,81.1,0,48.2,73.0,7.3,1,1,3.0,1
S0733,CSE,5.9,90.6,74.6,0,51.6,43.9,1.8,2,0,5.0,0
S0734,AI&DS,7.71,74.7,71.1,0,40.5,58.0,6.8,1,0,1.0,0
S0735,CSE,6.9,96.1,92.1,0,27.1,42.9,7.7,0,1,2.0,0
S0736,EEE,6.33,84.7,75.3,1,77.1,38.1,5.1,1,1,4.0,0
S0737,CSE,6.8,71.9,73.0,0,41.4,66.5,5.3,1,2,2.0,1
S0738,IT,8.26,75.8,86.9,0,60.7,54.0,4.3,3,0,3.0,1
S0739,AI&DS,7.84,86.2,70.5,0,53.4,69.1,5.2,0,1,1.0,0
S0740,AI&DS,7.18,88.4,71.6,0,62.3,39.9,5.2,2,0,0.0,0
S0741,CSE,7.86,79.4,77.1,0,86.0,73.8,4.9,1,1,1.0,1
S0742,CSE,6.26,80.4,77.0,0,55.3,38.7,4.8,2,0,2.0,0
S0743,MECH,7.33,86.1,79.3,0,32.5,60.4,5.6,3,0,3.0,1
S0744,CSE,7.43,81.1,95.8,0,35.3,58.0,5.5,1,0,2.0,1
S0745,ECE,6.88,69.7,80.0,1,45.6,70.4,9.0,3,1,1.0,1
S0746,AI&DS,7.69,73.5,55.6,1,,36.4,5.4,3,0,2.0,0
S0747,IT,6.6,81.9,79.9,0,23.6,23.7,6.6,2,2,0.0,0
S0748,AI&DS,7.76,89.7,77.3,0,71.0,47.0,5.1,4,0,0.0,1
S0749,EEE,7.8,92.9,77.4,0,42.7,20.7,5.1,1,1,0.0,0
S0750,MECH,5.0,86.2,79.2,0,59.0,3.9,3.3,0,1,1.0,0
S0751,IT,8.37,82.3,76.7,0,90.9,74.2,3.5,2,0,3.0,1
S0752,IT,5.0,86.0,76.5,0,32.9,42.1,4.1,3,0,3.0,0
S0753,IT,6.75,74.7,82.5,0,57.1,43.6,6.3,1,0,5.0,0
S0754,AI&DS,8.22,78.8,72.1,0,43.9,54.2,7.7,1,1,2.0,1
S0755,EEE,7.01,73.4,68.5,0,62.1,30.9,3.1,0,3,1.0,0
S0756,IT,5.98,70.0,99.0,1,37.0,79.4,5.1,1,0,4.0,0
S0757,IT,6.32,82.7,70.6,0,30.8,36.1,3.8,1,1,1.0,0
S0758,CIVIL,8.22,81.5,77.9,0,58.1,24.4,5.6,4,1,1.0,0
S0759,CSE,5.57,85.5,63.5,0,34.2,60.7,7.7,4,1,2.0,0
S0760,AI&DS,8.32,84.4,78.0,1,58.3,58.0,5.3,3,1,3.0,1
S0761,EEE,7.25,81.9,68.6,1,68.8,82.4,5.9,0,3,2.0,1
S0762,CSE,6.23,84.5,73.0,0,34.6,39.6,8.3,0,1,3.0,0
S0763,CSE,6.78,79.7,86.4,0,76.8,68.9,6.7,1,2,2.0,1
S0764,CSE,6.38,83.3,81.2,0,27.8,71.1,4.8,2,0,0.0,0
S0765,MECH,8.08,74.2,82.1,0,85.5,38.8,6.3,1,2,1.0,1
S0766,CSE,7.96,83.0,61.1,0,45.0,45.8,4.7,6,3,2.0,1
S0767,CSE,5.75,85.3,93.5,0,42.6,60.8,6.7,2,2,2.0,0
S0768,CSE,6.94,74.6,66.3,0,44.7,64.7,6.8,1,0,6.0,0
S0769,CSE,6.52,80.4,90.8,2,43.6,24.5,3.8,0,2,1.0,0
S0770,ECE,8.46,75.0,86.2,0,76.3,29.5,6.3,2,0,1.0,1
S0771,IT,6.08,75.8,82.2,0,67.8,0.5,5.8,2,1,2.0,0
S0772,ECE,8.74,71.0,69.3,0,84.4,64.0,6.9,0,0,1.0,1
S0773,ECE,7.27,90.1,78.4,0,48.7,38.8,7.3,0,1,0.0,0
S0774,MECH,6.25,88.5,72.8,0,49.4,34.6,6.8,5,1,0.0,0
S0775,CSE,6.69,84.3,77.3,2,38.4,20.2,5.5,2,0,1.0,0
S0776,MECH,6.58,95.8,74.8,1,34.4,18.8,7.5,1,0,2.0,0
S0777,ECE,6.15,78.5,58.7,0,,28.0,4.6,1,0,2.0,0
S0778,CSE,7.39,99.0,87.1,1,49.1,43.7,3.9,2,1,0.0,1
S0779,EEE,6.19,78.2,76.3,0,49.9,39.6,1.0,0,2,3.0,0
S0780,MECH,5.34,82.0,72.6,0,10.6,43.3,5.9,1,1,5.0,0
S0781,IT,6.96,76.8,72.0,0,51.6,97.1,4.7,2,2,1.0,0
S0782,MECH,5.68,83.0,80.2,0,64.8,33.9,6.6,2,2,2.0,0
S0783,AI&DS,6.62,86.7,69.0,0,66.4,73.1,2.8,2,0,0.0,1
S0784,ECE,6.48,79.1,56.7,0,39.7,23.3,5.0,4,1,0.0,0
S0785,CIVIL,6.52,94.2,80.7,0,27.8,7.5,6.8,4,1,0.0,0
S0786,AI&DS,9.1,81.9,81.7,2,76.3,60.1,4.4,4,0,1.0,1
S0787,MECH,7.35,82.2,75.2,0,20.6,13.9,6.7,2,1,0.0,1
S0788,IT,7.52,72.7,66.7,1,73.4,57.6,5.1,1,1,4.0,1
S0789,EEE,5.7,83.3,77.8,0,39.0,19.6,5.9,5,1,2.0,0
S0790,ECE,6.71,78.9,63.8,2,77.8,3.3,7.0,5,1,3.0,1
S0791,CSE,7.49,75.1,67.8,0,30.6,90.1,7.5,3,0,4.0,1
S0792,AI&DS,6.38,73.8,70.2,0,61.4,40.3,6.1,1,2,3.0,1
S0793,IT,8.12,99.0,84.6,0,60.0,29.8,4.7,1,0,2.0,1
S0794,CSE,6.22,77.9,73.7,2,41.4,66.6,5.3,2,2,2.0,1
S0795,CSE,7.04,68.3,73.0,0,32.4,40.6,7.0,2,0,2.0,0
S0796,IT,6.77,74.4,94.6,0,59.7,73.5,4.4,4,1,1.0,1
S0797,CSE,7.45,79.6,80.2,1,66.3,43.0,5.7,1,1,3.0,0
S0798,CSE,6.72,84.4,80.1,0,77.2,42.3,5.4,1,0,2.0,1
S0799,EEE,7.06,84.4,73.7,2,68.2,49.1,5.8,2,0,4.0,0
S0800,EEE,7.09,85.4,71.6,0,44.4,54.0,4.4,0,0,2.0,0
S0801,EEE,6.64,74.8,57.3,0,34.7,54.6,3.0,2,1,2.0,0
S0802,IT,7.74,82.7,85.7,0,38.0,56.9,6.8,2,2,3.0,1
S0803,MECH,7.51,73.0,81.0,0,78.8,55.3,7.5,2,0,2.0,1
S0804,ECE,7.22,75.0,75.4,0,42.7,57.7,3.1,1,1,2.0,1
S0805,CSE,6.91,72.7,75.8,0,74.1,57.5,6.6,1,2,2.0,1
S0806,CSE,8.02,70.5,83.6,0,68.6,57.6,7.7,2,1,3.0,1
S0807,EEE,7.09,88.5,63.0,1,58.3,15.3,7.0,1,2,0.0,0
S0808,CSE,7.02,85.5,71.7,2,48.2,65.7,5.3,1,1,0.0,1
S0809,ECE,7.39,87.8,66.8,0,65.7,45.4,4.5,0,1,2.0,1
S0810,CIVIL,8.83,80.3,92.9,0,67.0,45.3,6.1,2,0,2.0,0
S0811,CSE,6.09,86.2,84.9,0,39.8,73.0,6.4,3,0,1.0,0
S0812,CSE,7.99,65.9,57.2,2,71.0,33.0,6.2,0,1,2.0,1
S0813,CIVIL,5.6,86.9,63.4,1,39.2,65.0,5.7,1,2,0.0,0
S0814,ECE,7.5,81.4,75.8,0,44.6,44.8,4.3,3,0,1.0,1
S0815,CSE,8.72,85.0,72.7,0,75.3,70.5,6.7,1,2,2.0,1
S0816,MECH,7.74,83.0,65.1,2,57.6,39.1,6.8,2,0,2.0,1
S0817,MECH,7.45,72.1,94.5,2,63.6,13.2,6.3,2,1,1.0,0
S0818,ECE,6.8,68.0,79.8,0,44.2,38.3,6.2,2,2,2.0,0
S0819,ECE,7.33,74.3,81.3,1,37.1,50.5,8.7,1,2,2.0,1
S0820,IT,7.07,84.5,70.8,0,79.2,67.5,5.0,1,1,3.0,1
S0821,CSE,6.59,85.5,83.5,0,72.5,48.0,8.1,3,0,8.0,1
S0822,ECE,7.04,69.1,73.6,1,66.2,0.8,4.8,1,0,0.0,0
S0823,IT,7.48,72.2,74.4,0,50.6,27.8,7.8,1,0,1.0,1
S0824,ECE,6.61,74.2,82.5,0,45.0,78.8,8.0,4,2,3.0,0
S0825,MECH,6.57,77.1,62.3,2,69.9,18.9,5.5,1,0,2.0,0
S0826,CSE,6.08,69.1,91.4,1,39.9,75.8,8.7,2,1,2.0,0
S0827,ECE,7.65,68.6,78.6,0,48.3,28.4,6.8,2,0,5.0,0
S0828,IT,7.79,73.4,88.5,0,87.0,55.5,4.6,3,1,0.0,1
S0829,MECH,7.51,80.7,67.3,1,56.0,57.1,5.4,2,0,2.0,1
S0830,IT,8.17,70.6,68.7,0,88.5,45.6,7.8,0,1,2.0,1
S0831,ECE,7.38,79.1,66.5,4,34.7,74.7,7.5,2,1,3.0,0
S0832,ECE,7.65,88.5,79.3,0,65.6,47.6,4.3,3,3,3.0,1
S0833,AI&DS,7.57,69.6,77.6,0,88.3,66.4,5.8,0,2,1.0,1
S0834,ECE,7.22,78.3,72.8,0,54.8,38.4,6.3,3,1,2.0,0
S0835,EEE,6.82,88.2,67.9,1,47.2,53.6,5.2,3,0,1.0,0
S0836,ECE,9.29,76.7,65.6,4,53.4,86.0,9.8,3,2,2.0,1
S0837,EEE,6.89,75.4,76.6,0,68.0,39.1,6.4,1,2,2.0,1
S0838,CIVIL,6.7,89.3,72.8,0,38.7,73.3,5.9,1,2,3.0,1
S0839,AI&DS,7.69,77.6,70.8,1,56.7,46.7,7.9,2,1,3.0,0
S0840,ECE,7.53,88.8,90.9,0,,59.9,5.4,1,0,2.0,0
S0841,CSE,6.04,83.4,76.3,0,68.2,57.7,7.6,4,2,2.0,1
S0842,EEE,8.31,77.3,88.4,2,80.4,29.8,3.3,3,0,2.0,1
S0843,ECE,7.22,83.8,72.2,1,53.8,47.6,5.3,4,0,5.0,1
S0844,AI&DS,6.3,82.6,79.2,2,29.7,50.1,7.7,0,0,3.0,0
S0845,CSE,8.37,88.2,76.5,0,86.6,46.2,8.5,2,1,4.0,0
S0846,MECH,7.86,75.6,61.7,0,54.0,54.2,4.8,1,0,1.0,1
S0847,AI&DS,6.16,80.3,89.9,2,29.3,52.0,4.6,2,1,2.0,0
S0848,EEE,8.9,79.5,75.8,0,41.4,52.2,6.9,0,1,3.0,1
S0849,CSE,7.89,85.6,83.7,0,50.1,58.3,5.0,2,1,,1
S0850,CIVIL,7.29,71.8,70.2,2,33.1,42.2,5.6,2,0,4.0,0
S0851,CSE,8.73,88.1,75.5,0,57.1,57.6,7.4,3,3,2.0,1
S0852,CSE,7.44,83.7,69.2,2,67.3,59.5,5.1,1,1,1.0,1
S0853,MECH,7.27,69.5,88.1,0,,31.6,2.9,2,1,2.0,0
S0854,MECH,6.71,89.7,79.8,3,55.6,90.9,3.9,1,1,1.0,0
S0855,CSE,7.82,97.9,80.3,0,48.3,32.4,6.0,1,0,1.0,0
S0856,AI&DS,7.73,88.0,89.2,0,59.4,47.5,3.0,1,1,2.0,1
S0857,EEE,7.31,91.4,87.4,2,83.9,34.5,5.5,1,0,3.0,1
S0858,MECH,6.59,80.7,83.9,0,44.1,78.5,3.8,1,2,1.0,0
S0859,AI&DS,7.42,66.7,64.2,1,61.7,31.6,8.6,4,0,3.0,0
S0860,ECE,7.24,65.2,70.7,0,31.0,51.7,9.5,0,3,0.0,0
S0861,EEE,6.1,82.0,68.0,1,68.2,41.5,4.3,2,1,3.0,1
S0862,EEE,5.98,75.3,83.5,2,37.2,42.4,6.4,3,0,0.0,0
S0863,EEE,7.81,72.7,78.5,0,74.8,70.5,4.5,4,1,5.0,1
S0864,ECE,5.0,79.5,64.5,0,34.8,53.3,5.5,2,0,0.0,0
S0865,CSE,7.48,84.9,75.3,0,65.7,48.5,8.9,1,3,1.0,1
S0866,MECH,6.87,68.4,63.6,3,61.6,45.1,5.3,2,2,2.0,0
S0867,MECH,8.48,76.4,76.5,3,57.6,15.6,5.5,1,1,0.0,0
S0868,EEE,6.86,92.1,62.1,3,67.8,43.2,4.5,4,1,2.0,0
S0869,CSE,7.89,71.4,81.8,0,48.4,44.5,7.8,2,3,3.0,1
S0870,CSE,6.94,87.0,80.4,0,63.8,50.3,1.0,1,1,1.0,0
S0871,EEE,7.4,76.1,94.2,1,50.0,12.6,5.3,1,1,1.0,0
S0872,CSE,7.96,84.4,84.6,1,65.5,67.7,5.9,1,0,1.0,1
S0873,CIVIL,6.88,88.8,73.2,0,44.7,9.3,4.9,0,0,5.0,0
S0874,AI&DS,8.2,85.9,84.4,0,62.9,64.2,7.4,2,1,0.0,1
S0875,EEE,6.41,87.3,64.4,0,31.7,15.3,7.9,3,1,2.0,0
S0876,MECH,7.57,70.8,68.3,0,60.8,29.4,3.7,3,2,1.0,0
S0877,AI&DS,8.13,88.9,80.0,0,62.3,82.9,9.3,2,1,3.0,1
S0878,IT,7.89,73.2,57.6,0,51.6,70.7,3.7,3,1,2.0,1
S0879,ECE,9.02,82.1,76.7,0,68.0,76.2,8.1,2,1,2.0,1
S0880,ECE,6.61,82.1,67.8,2,51.5,69.5,6.2,1,2,1.0,0
S0881,AI&DS,6.06,83.9,77.9,1,35.8,33.9,5.2,0,1,0.0,0
S0882,ECE,6.41,82.7,67.3,3,45.9,67.1,5.3,1,2,1.0,0
S0883,CIVIL,7.89,73.2,80.8,0,44.7,19.7,5.9,0,0,5.0,0
S0884,AI&DS,7.75,69.2,77.2,0,93.8,72.9,6.3,1,1,1.0,1
S0885,CSE,7.39,87.0,89.6,0,71.6,47.2,4.5,0,2,1.0,1
S0886,AI&DS,6.29,81.5,77.1,0,51.0,32.3,5.6,0,2,2.0,0
S0887,AI&DS,7.99,89.2,70.1,0,78.1,71.8,4.8,1,0,4.0,1
S0888,CSE,6.2,79.6,74.8,1,16.5,67.3,4.1,5,1,2.0,0
S0889,CSE,8.34,68.8,64.9,1,25.0,79.6,4.7,2,0,5.0,1
S0890,EEE,9.8,87.7,80.7,2,69.0,63.1,4.2,1,0,2.0,1
S0891,IT,7.63,77.0,82.3,0,37.0,60.5,5.3,1,2,3.0,0
S0892,CIVIL,7.82,82.7,99.0,0,55.6,57.2,6.7,3,2,1.0,1
S0893,IT,6.86,74.8,71.4,0,54.5,59.1,6.2,1,0,1.0,1
S0894,CSE,5.67,93.2,74.6,0,55.8,56.5,9.2,5,3,4.0,1
S0895,EEE,6.76,73.0,71.8,1,33.6,44.6,2.5,0,1,2.0,0
S0896,MECH,6.32,77.3,78.9,0,53.1,54.1,6.8,1,2,0.0,1
S0897,IT,6.0,80.9,80.4,1,44.8,17.3,6.0,3,2,4.0,0
S0898,CSE,8.85,71.3,76.5,0,72.6,62.8,7.3,1,2,2.0,1
S0899,CSE,7.55,82.6,86.8,4,49.2,31.2,7.1,0,2,4.0,0
S0900,ECE,7.64,92.9,71.4,4,78.5,51.3,5.7,3,3,1.0,0
S0901,AI&DS,7.02,76.1,85.9,0,51.2,85.5,6.3,3,1,2.0,1
S0902,IT,7.14,83.2,81.8,2,80.4,46.1,4.8,4,0,3.0,0
S0903,CSE,8.17,58.0,76.9,0,50.1,63.6,7.0,2,0,3.0,1
S0904,AI&DS,7.27,79.7,74.2,1,65.9,70.2,3.0,0,2,0.0,1
S0905,CIVIL,7.78,77.5,98.8,2,57.9,7.6,7.2,0,0,3.0,0
S0906,ECE,7.12,73.5,69.6,1,48.7,33.0,6.0,1,2,1.0,0
S0907,AI&DS,6.99,88.7,79.7,1,62.0,61.1,5.2,0,0,2.0,1
S0908,CSE,6.03,77.4,70.2,0,40.4,0.0,5.6,2,2,2.0,0
S0909,IT,5.52,78.6,93.1,1,10.0,26.8,5.7,2,1,2.0,0
S0910,IT,7.06,77.0,85.0,0,10.0,75.5,8.1,2,2,2.0,1
S0911,EEE,7.35,64.7,70.9,0,74.5,63.4,10.0,1,3,1.0,1
S0912,MECH,6.14,70.9,81.6,0,64.2,44.2,8.0,1,1,3.0,1
S0913,MECH,7.27,87.7,79.3,1,83.1,60.6,5.1,0,1,1.0,0
S0914,CIVIL,7.35,63.1,72.4,0,55.1,48.4,7.0,0,0,0.0,1
S0915,CIVIL,5.36,73.9,83.8,0,20.1,42.9,7.1,1,2,1.0,0
S0916,CIVIL,6.48,76.8,80.5,2,42.1,33.1,4.5,1,2,0.0,0
S0917,CSE,7.67,93.9,78.9,0,58.1,60.4,4.0,4,0,3.0,1
S0918,CSE,7.65,86.1,76.6,0,42.7,46.1,,1,0,1.0,0
S0919,IT,6.26,75.5,80.9,0,71.4,73.8,7.3,3,1,2.0,1
S0920,ECE,7.44,90.4,79.1,0,89.7,73.8,3.4,1,0,2.0,1
S0921,CSE,8.22,74.1,77.5,1,69.5,87.7,4.8,4,2,1.0,1
S0922,MECH,8.0,88.1,71.2,0,60.4,40.4,6.9,1,0,2.0,1
S0923,ECE,7.21,69.1,92.2,0,34.9,25.4,,3,3,0.0,1
S0924,ECE,6.88,88.6,67.5,1,74.8,65.7,8.3,1,3,2.0,1
S0925,CSE,6.73,76.8,80.8,1,51.6,62.9,3.7,0,2,2.0,0
S0926,IT,7.72,71.8,74.1,1,54.0,64.8,9.8,3,1,2.0,0
S0927,CSE,7.48,78.3,92.8,0,63.6,45.0,3.5,1,0,2.0,1
S0928,MECH,7.87,82.2,68.9,1,50.7,55.5,2.8,4,2,5.0,1
S0929,ECE,7.42,76.0,70.4,0,58.2,24.1,5.9,1,1,3.0,0
S0930,EEE,8.04,84.4,68.3,0,39.3,60.5,4.2,3,3,1.0,1
S0931,IT,7.39,75.3,79.9,0,72.0,82.7,5.9,3,0,0.0,1
S0932,AI&DS,8.01,85.0,64.6,1,59.1,91.2,5.9,0,0,2.0,1
S0933,AI&DS,8.08,83.5,72.7,0,78.7,74.2,5.7,1,3,0.0,1
S0934,EEE,6.58,79.5,57.6,1,46.2,13.4,4.7,1,2,1.0,0
S0935,EEE,5.67,76.5,79.2,0,39.9,38.0,6.7,0,0,1.0,0
S0936,CSE,8.69,81.2,72.5,0,47.9,100.0,5.5,1,1,3.0,1
S0937,CIVIL,7.53,84.4,63.6,0,68.2,28.9,7.8,2,0,3.0,0
S0938,CSE,5.76,96.5,86.8,0,29.5,45.6,5.7,1,1,2.0,0
S0939,MECH,6.66,87.5,65.2,0,42.6,67.0,4.5,1,0,2.0,0
S0940,CSE,7.99,87.8,84.2,1,60.6,71.9,3.3,3,0,2.0,1
S0941,IT,7.05,99.0,70.7,1,54.8,100.0,5.7,1,0,,1
S0942,MECH,6.84,84.1,91.4,0,25.7,27.3,4.0,3,0,4.0,0
S0943,CSE,8.56,83.9,83.7,0,61.6,44.8,3.8,0,1,1.0,1
S0944,AI&DS,6.36,85.6,67.9,0,59.4,73.6,6.8,3,0,2.0,1
S0945,AI&DS,6.58,71.9,68.7,0,43.6,29.0,3.2,2,1,2.0,0
S0946,IT,7.49,76.4,82.4,0,53.2,53.4,8.3,2,1,1.0,1
S0947,EEE,7.65,76.0,74.6,0,60.2,44.9,6.3,2,1,3.0,0
S0948,MECH,7.75,85.2,75.5,1,56.7,66.4,5.9,1,1,0.0,1
S0949,MECH,8.12,78.6,88.5,0,46.1,60.6,4.3,4,0,3.0,1
S0950,IT,7.48,81.1,70.3,0,55.9,65.8,7.2,1,0,4.0,1
S0951,ECE,7.74,88.7,77.8,0,73.4,39.0,6.0,2,2,2.0,1
S0952,IT,7.07,86.9,85.6,0,37.4,77.7,4.9,0,2,3.0,1
S0953,IT,7.36,78.7,84.3,0,49.8,100.0,6.3,1,3,3.0,1
S0954,CSE,7.4,74.6,75.6,0,35.0,69.7,3.3,0,3,1.0,1
S0955,CIVIL,7.49,89.1,74.4,2,70.7,47.1,,3,1,1.0,1
S0956,MECH,8.0,86.2,61.4,0,59.2,23.5,4.2,2,2,1.0,1
S0957,EEE,7.8,67.1,67.5,0,46.2,34.9,6.6,2,1,4.0,0
S0958,ECE,7.34,77.5,79.9,0,56.7,40.2,6.0,3,2,0.0,1
S0959,AI&DS,6.57,81.3,75.8,0,31.1,41.5,7.7,2,3,1.0,1
S0960,ECE,7.36,86.2,77.7,0,40.0,44.1,4.5,0,2,3.0,1
S0961,ECE,7.27,87.3,86.4,0,32.9,77.6,6.9,1,1,6.0,1
S0962,AI&DS,7.47,82.3,66.3,0,40.4,80.7,5.8,1,0,0.0,0
S0963,CSE,9.29,84.7,74.9,0,91.2,64.9,4.5,4,0,2.0,1
S0964,CSE,6.83,80.5,78.7,2,40.2,30.2,6.6,3,0,2.0,0
S0965,CIVIL,7.68,74.6,70.7,3,65.0,71.7,5.9,6,2,3.0,0
S0966,AI&DS,8.26,77.9,89.9,0,50.1,60.8,5.0,2,1,1.0,1
S0967,CIVIL,7.39,80.2,85.2,0,67.1,11.7,6.1,1,0,3.0,1
S0968,CSE,9.4,79.7,79.6,1,56.4,82.2,,1,1,3.0,1
S0969,ECE,6.96,64.9,93.1,4,52.9,61.4,5.8,1,0,2.0,0
S0970,CSE,7.59,76.8,63.5,2,58.1,11.7,5.3,1,1,1.0,0
S0971,IT,6.58,80.4,76.9,0,84.2,36.0,3.9,4,0,1.0,1
S0972,CSE,6.98,77.7,80.3,0,61.9,52.0,6.1,1,1,2.0,1
S0973,CSE,7.52,78.0,68.8,0,47.9,71.3,4.7,3,1,2.0,1
S0974,MECH,8.06,83.9,79.7,1,71.4,38.8,4.4,0,1,1.0,1
S0975,IT,7.59,71.4,67.0,0,89.4,41.9,,3,2,2.0,1
S0976,ECE,8.43,67.0,83.2,0,39.6,64.6,7.2,1,0,1.0,0
S0977,AI&DS,7.21,77.2,86.5,0,41.7,46.6,6.3,1,1,3.0,1
S0978,AI&DS,7.0,86.1,79.5,0,49.1,64.5,5.2,3,0,6.0,1
S0979,ECE,9.73,93.5,60.3,0,68.2,37.5,5.1,2,1,2.0,1
S0980,CSE,7.65,86.3,68.3,0,52.8,32.4,7.0,3,1,0.0,0
S0981,CIVIL,6.65,68.3,82.1,0,30.3,54.5,2.2,2,1,2.0,0
S0982,MECH,6.68,78.1,77.2,1,71.1,45.0,7.3,2,2,1.0,0
S0983,EEE,6.45,82.1,52.8,0,26.9,56.4,3.0,0,0,2.0,1
S0984,AI&DS,8.14,81.4,88.2,0,58.7,50.9,3.7,3,2,3.0,1
S0985,CSE,6.97,84.3,78.2,1,68.1,38.9,5.2,1,0,4.0,0
S0986,CIVIL,7.41,72.7,69.6,1,55.5,70.5,9.5,1,1,2.0,1
S0987,IT,7.24,80.5,86.0,0,39.9,26.7,8.7,1,2,0.0,0
S0988,CSE,7.96,83.4,70.9,0,40.0,83.7,7.1,3,1,2.0,1
S0989,IT,6.54,86.6,70.8,0,45.5,76.5,6.6,4,2,3.0,0
S0990,EEE,6.33,73.6,80.2,0,35.9,54.5,3.0,3,2,1.0,0
S0991,ECE,7.5,77.2,93.0,0,59.7,32.1,6.3,2,0,4.0,0
S0992,EEE,7.84,58.4,91.6,0,38.3,31.7,5.1,0,3,3.0,1
S0993,EEE,7.6,75.0,80.2,0,69.6,41.8,4.7,1,3,3.0,1
S0994,CSE,6.57,75.8,81.2,0,50.9,27.0,6.2,4,1,0.0,0
S0995,CIVIL,7.91,71.8,84.1,0,62.7,29.4,5.2,1,0,3.0,0
S0996,AI&DS,6.63,81.3,65.7,0,71.3,64.2,7.4,1,0,3.0,0
S0997,ECE,6.83,79.6,82.8,1,44.7,53.5,2.9,2,2,2.0,0
S0998,CSE,6.45,61.9,70.4,0,37.3,31.0,6.1,0,3,0.0,1
S0999,CIVIL,8.47,81.7,79.9,0,56.2,63.9,4.6,4,2,3.0,1
S1000,IT,7.87,72.6,75.0,0,56.7,68.1,5.3,1,0,0.0,1
S1001,CSE,7.84,83.9,81.5,1,58.0,88.0,6.5,3,0,0.0,0
S1002,AI&DS,8.42,69.7,78.1,3,51.5,73.5,4.2,1,1,2.0,0
S1003,CSE,9.8,80.2,50.0,0,44.7,91.1,6.3,1,0,2.0,1
S1004,CSE,5.76,77.7,78.6,0,34.3,55.8,5.7,2,0,2.0,0
S1005,ECE,6.64,82.4,82.8,0,55.1,58.6,4.9,1,0,1.0,1
S1006,AI&DS,6.75,81.0,81.0,0,52.6,28.2,5.2,1,0,,0
S1007,CIVIL,6.53,78.0,76.1,1,66.9,37.1,5.8,1,0,3.0,0
S1008,IT,6.33,67.7,91.8,0,76.6,49.4,4.8,1,2,0.0,0
S1009,EEE,7.03,68.2,79.8,3,64.2,37.8,6.0,2,0,1.0,0
S1010,AI&DS,6.21,75.3,80.9,0,67.0,57.9,5.6,2,1,4.0,1
S1011,ECE,7.6,79.9,86.4,0,68.9,57.9,5.0,3,1,4.0,1
S1012,ECE,7.35,75.1,80.3,1,81.0,51.7,,0,3,2.0,1
S1013,AI&DS,7.73,85.0,68.9,0,86.2,55.2,6.7,3,2,3.0,1
S1014,CIVIL,7.76,77.8,55.1,1,72.9,32.8,5.4,1,1,1.0,1
S1015,IT,7.84,72.3,72.7,0,69.9,80.1,6.2,2,1,,1
S1016,CSE,6.96,77.8,83.8,1,49.2,60.6,4.4,3,1,2.0,1
S1017,ECE,9.21,81.8,73.8,0,69.7,36.1,5.3,0,1,1.0,1
S1018,MECH,7.51,82.6,84.2,0,51.6,41.6,5.5,2,1,0.0,1
S1019,CSE,5.62,95.0,78.3,1,50.9,12.8,4.0,1,1,1.0,0
S1020,AI&DS,6.4,74.6,88.6,0,37.0,51.3,6.6,3,1,2.0,0
S1021,MECH,5.73,79.4,74.3,0,39.6,30.8,5.2,1,0,4.0,0
S1022,EEE,7.32,83.4,81.2,1,19.8,33.2,5.4,5,0,2.0,1
S1023,CIVIL,7.19,79.8,81.6,0,80.0,73.4,5.1,2,0,1.0,1
S1024,ECE,6.88,76.0,90.5,2,48.3,19.5,10.0,2,1,2.0,0
S1025,ECE,9.11,67.6,61.6,0,76.3,68.3,,0,1,1.0,1
S1026,IT,7.79,75.9,72.9,0,80.8,100.0,2.7,1,1,2.0,1
S1027,CIVIL,7.95,71.4,84.6,0,64.7,68.4,3.4,2,0,0.0,0
S1028,AI&DS,6.46,66.2,90.9,0,70.0,50.4,7.2,0,0,4.0,1
S1029,EEE,6.4,73.6,79.2,3,29.2,17.1,8.1,3,0,2.0,0
S1030,AI&DS,7.33,71.6,74.4,0,91.2,30.3,4.9,3,1,1.0,0
S1031,ECE,7.46,84.7,83.8,0,72.6,37.1,8.0,4,0,1.0,1
S1032,EEE,5.63,84.8,84.8,0,44.8,20.9,7.2,3,0,1.0,0
S1033,ECE,7.14,72.8,73.8,0,75.1,29.4,5.7,1,0,,1
S1034,MECH,7.31,77.9,80.0,0,37.6,37.9,5.6,3,1,3.0,1
S1035,AI&DS,7.11,65.1,87.6,1,49.1,52.9,6.3,1,0,6.0,0
S1036,ECE,6.57,76.0,94.0,1,70.8,48.8,7.4,0,1,2.0,0
S1037,IT,6.81,83.2,83.7,2,23.1,29.6,6.6,1,1,0.0,0
S1038,AI&DS,7.14,86.6,77.4,0,,42.1,4.9,3,3,5.0,1
S1039,AI&DS,7.38,74.3,76.5,0,63.6,53.5,5.7,6,1,1.0,1
S1040,CSE,7.84,88.4,82.0,0,88.9,55.6,9.2,1,0,2.0,1
S1041,CSE,8.27,67.9,76.0,1,39.0,96.7,6.4,2,0,2.0,1
S1042,ECE,7.04,70.0,78.7,0,77.0,46.8,7.4,3,2,3.0,1
S1043,ECE,6.89,85.7,67.5,0,43.3,10.9,6.9,1,0,2.0,0
S1044,ECE,7.69,93.4,88.7,0,51.4,54.3,6.4,3,2,5.0,1
S1045,CSE,7.85,83.9,66.7,1,41.1,69.7,6.2,2,1,2.0,1
S1046,IT,6.91,79.7,73.1,1,35.6,51.3,7.4,2,0,0.0,1
S1047,CSE,8.01,62.4,77.9,2,66.7,37.2,7.1,1,0,1.0,0
S1048,EEE,8.18,63.8,94.9,0,45.4,82.7,6.4,1,2,3.0,1
S1049,MECH,8.46,81.0,73.2,4,75.4,30.6,4.9,1,3,0.0,0
S1050,IT,8.9,77.1,71.0,0,57.9,78.2,6.6,2,2,3.0,1
S1051,ECE,6.52,71.2,72.0,0,30.6,43.1,5.9,1,0,2.0,0
S1052,CSE,7.31,80.5,91.9,0,47.2,67.5,5.5,3,2,1.0,1
S1053,IT,7.31,80.9,51.7,0,60.1,88.5,10.0,2,0,1.0,1
S1054,CSE,7.21,87.6,68.0,0,50.1,66.1,3.5,1,0,3.0,0
S1055,IT,6.72,81.1,99.0,0,50.8,41.9,7.5,3,1,,1
S1056,ECE,5.96,89.8,82.3,0,54.7,57.0,4.6,1,3,2.0,0
S1057,MECH,7.38,80.1,67.0,0,71.9,32.5,6.2,2,1,2.0,0
S1058,CSE,6.61,79.1,76.6,1,44.8,55.0,10.0,0,1,2.0,0
S1059,ECE,7.38,88.5,77.6,0,40.0,19.9,4.5,1,0,1.0,0
S1060,EEE,6.59,72.2,84.6,0,50.4,20.1,4.8,3,1,1.0,0
S1061,CIVIL,6.31,99.0,93.6,0,54.1,39.0,6.0,0,0,3.0,1
S1062,ECE,7.51,83.0,80.5,1,34.8,52.3,4.6,0,2,1.0,0
S1063,IT,7.44,83.0,72.1,0,42.7,24.5,7.4,2,0,3.0,1
S1064,ECE,7.82,84.2,84.1,0,48.4,56.6,5.1,0,1,2.0,0
S1065,IT,9.27,95.0,70.7,0,67.6,52.2,7.0,2,0,2.0,1
S1066,CIVIL,7.55,86.3,67.7,0,45.6,69.8,3.9,2,1,3.0,1
S1067,AI&DS,7.74,67.2,61.2,0,69.1,51.9,3.1,5,0,4.0,1
S1068,EEE,6.33,91.2,62.9,0,23.2,16.8,5.6,3,1,2.0,0
S1069,CSE,6.14,77.3,68.9,0,22.0,50.5,3.5,2,1,1.0,0
S1070,AI&DS,8.72,80.9,66.4,0,61.4,47.1,8.4,1,1,1.0,1
S1071,MECH,6.47,69.8,79.8,0,45.7,63.1,3.6,1,3,2.0,1
S1072,ECE,6.36,84.2,66.2,0,25.7,38.4,4.3,2,0,4.0,0
S1073,AI&DS,7.26,74.8,50.0,0,45.6,52.9,6.7,1,1,1.0,1
S1074,CIVIL,7.22,80.8,67.6,0,48.3,54.8,5.1,2,2,2.0,1
S1075,MECH,6.49,77.7,72.8,0,42.6,20.0,3.6,1,0,1.0,0
S1076,IT,7.03,95.4,71.6,0,55.1,29.9,9.3,0,2,1.0,0
S1077,ECE,8.41,95.9,90.7,0,53.9,58.4,4.4,1,3,2.0,1
S1078,AI&DS,6.57,80.4,71.5,0,71.4,30.8,5.7,0,2,2.0,0
S1079,ECE,6.05,80.5,84.9,0,52.3,15.6,5.7,3,1,0.0,0
S1080,IT,8.15,77.0,76.8,0,49.7,77.0,,1,1,2.0,1
S1081,IT,7.74,88.8,76.6,0,60.0,68.6,,2,1,2.0,1
S1082,MECH,6.74,77.4,69.5,0,52.4,16.8,4.7,3,1,1.0,0
S1083,CIVIL,5.88,76.6,76.5,0,61.8,23.7,5.5,2,3,3.0,0
S1084,MECH,6.63,87.8,70.1,0,40.6,22.8,5.6,1,0,3.0,0
S1085,CIVIL,7.25,75.7,78.5,1,66.1,77.5,7.2,1,2,3.0,1
S1086,EEE,8.35,79.7,74.9,0,64.0,67.5,4.1,2,1,2.0,1
S1087,EEE,6.37,67.3,68.5,0,69.9,30.4,9.2,2,0,1.0,0
S1088,EEE,7.22,85.6,85.9,1,73.8,54.5,4.8,1,1,2.0,0
S1089,AI&DS,7.91,95.5,80.8,0,62.8,33.9,6.0,3,2,3.0,1
S1090,AI&DS,5.16,85.8,73.0,0,33.9,30.4,4.1,1,1,1.0,0
S1091,IT,8.23,91.7,78.3,0,70.0,63.6,3.9,3,2,1.0,1
S1092,ECE,6.24,73.2,76.2,4,43.8,46.2,4.6,1,0,2.0,0
S1093,IT,7.6,81.9,69.2,3,82.6,55.9,4.4,0,2,1.0,0
S1094,IT,7.52,72.5,77.6,0,58.0,62.0,,2,1,0.0,1
S1095,ECE,8.28,78.2,71.4,1,,51.3,4.4,1,2,2.0,1
S1096,AI&DS,7.8,86.2,68.5,0,52.1,55.9,7.1,1,0,0.0,1
S1097,CSE,5.16,80.8,62.4,0,19.7,37.5,4.7,1,1,2.0,0
S1098,MECH,6.59,68.7,73.8,0,57.7,31.7,4.6,1,2,1.0,0
S1099,MECH,7.42,69.5,82.1,0,43.7,49.2,5.4,2,0,4.0,0
S1100,CSE,7.12,69.0,70.7,0,70.1,62.8,7.6,3,1,,1
S1101,CSE,7.73,83.9,99.0,1,39.0,62.3,6.3,3,2,0.0,1
S1102,IT,8.01,96.5,85.0,0,62.6,37.9,5.8,2,1,2.0,1
S1103,EEE,7.85,90.9,88.7,0,76.6,28.3,3.7,1,2,4.0,1
S1104,MECH,7.11,64.8,84.2,0,21.2,50.4,4.2,1,1,0.0,0
S1105,CSE,5.64,91.4,93.7,0,72.0,74.0,4.0,1,3,2.0,1
S1106,EEE,6.89,87.5,69.9,0,45.3,44.4,8.1,4,1,2.0,1
S1107,CSE,7.67,67.6,54.0,3,60.1,50.4,6.8,0,1,3.0,0
S1108,AI&DS,6.32,77.6,73.0,0,55.7,54.4,4.6,1,2,1.0,0
S1109,CIVIL,7.87,88.8,82.0,0,70.4,25.8,5.1,5,1,2.0,1
S1110,CSE,8.12,84.4,78.4,0,,85.8,4.7,0,0,3.0,1
S1111,CSE,7.41,69.5,79.5,3,70.9,60.2,4.6,1,0,1.0,0
S1112,AI&DS,5.0,84.9,88.9,2,44.4,29.5,6.7,3,1,2.0,0
S1113,ECE,6.15,62.9,80.4,0,72.2,33.9,5.5,1,2,1.0,1
S1114,CIVIL,9.0,78.2,84.2,0,76.4,44.2,9.3,1,1,0.0,1
S1115,CIVIL,6.81,89.1,68.5,0,80.5,66.0,8.0,4,2,2.0,1
S1116,CSE,5.51,80.1,67.1,1,54.2,41.4,8.1,1,2,2.0,0
S1117,CSE,8.41,76.0,91.5,2,36.8,65.6,7.1,2,0,1.0,1
S1118,EEE,7.31,87.1,77.9,1,94.3,55.0,5.3,0,1,3.0,0
S1119,IT,8.29,87.8,71.4,0,,47.9,7.0,1,1,2.0,1
S1120,MECH,7.55,90.5,71.4,0,79.4,49.2,5.4,2,0,0.0,1
S1121,ECE,7.71,87.0,71.2,0,58.7,51.7,8.6,4,1,2.0,0
S1122,CSE,7.63,88.7,70.6,0,73.5,28.4,6.6,1,1,6.0,0
S1123,MECH,7.93,85.9,65.5,0,49.7,52.6,6.4,2,2,2.0,1
S1124,CSE,9.35,82.1,63.5,0,80.8,67.4,6.2,3,1,2.0,1
S1125,AI&DS,8.17,80.7,75.2,0,58.2,63.7,8.8,2,0,2.0,1
S1126,ECE,5.88,78.1,71.7,2,67.3,36.1,3.7,0,1,4.0,0
S1127,ECE,7.7,70.3,87.0,1,64.8,51.3,8.9,0,2,1.0,1
S1128,EEE,8.33,72.4,79.6,2,77.3,75.6,5.7,4,1,2.0,1
S1129,ECE,8.38,77.7,79.4,1,31.2,28.1,3.8,0,0,0.0,0
S1130,CIVIL,6.92,81.9,70.3,1,50.6,35.2,4.8,2,2,1.0,0
S1131,CIVIL,8.35,91.5,75.9,0,69.5,63.0,3.4,1,0,2.0,0
S1132,ECE,8.13,79.7,80.2,0,65.0,58.1,7.0,1,0,2.0,1
S1133,CSE,9.62,88.0,83.4,0,87.9,78.6,4.3,0,1,0.0,1
S1134,EEE,6.62,88.6,76.2,0,44.1,92.3,6.3,0,1,1.0,1
S1135,CIVIL,6.84,78.1,86.7,0,52.1,52.9,7.8,2,2,1.0,1
S1136,IT,7.02,84.8,77.1,1,70.5,75.8,4.9,1,0,1.0,1
S1137,AI&DS,6.86,78.1,84.1,1,17.3,47.5,5.6,2,2,2.0,0
S1138,AI&DS,6.5,90.6,72.6,3,,32.3,3.9,4,1,3.0,0
S1139,CSE,5.0,85.1,60.7,4,31.6,36.2,5.4,1,2,2.0,0
S1140,ECE,6.91,70.5,79.4,2,38.2,55.2,10.0,4,2,5.0,1
S1141,IT,7.63,81.3,83.5,0,62.7,65.7,7.2,0,2,3.0,1
S1142,EEE,6.86,93.2,82.2,2,69.9,49.0,5.6,2,0,1.0,0
S1143,MECH,9.04,78.6,80.8,1,84.5,50.4,5.0,2,0,2.0,1
S1144,MECH,7.31,83.6,73.9,2,53.1,37.0,5.9,2,3,0.0,0
S1145,AI&DS,8.46,84.4,69.7,0,77.4,59.6,6.2,1,1,4.0,1
S1146,IT,7.54,71.7,82.0,0,69.9,71.2,5.3,3,1,5.0,1
S1147,EEE,8.04,84.1,80.8,2,59.6,64.4,6.8,0,2,0.0,1
S1148,MECH,7.55,68.8,72.0,0,46.6,26.4,4.5,1,2,3.0,0
S1149,AI&DS,8.53,75.0,87.0,0,55.3,77.9,4.5,2,1,6.0,1
S1150,MECH,7.35,88.6,69.1,0,68.0,31.9,6.6,3,2,3.0,1
S1151,CSE,7.75,82.9,71.7,0,57.9,67.6,4.1,3,0,2.0,1
S1152,MECH,7.63,77.6,91.7,0,41.9,42.3,7.2,2,2,2.0,1
S1153,CSE,7.04,83.6,84.8,4,27.7,84.2,6.0,1,3,4.0,0
S1154,CSE,7.66,79.5,73.8,2,70.4,50.2,3.1,0,0,1.0,0
S1155,ECE,9.31,80.1,79.6,2,62.9,59.5,6.2,3,0,1.0,1
S1156,CSE,7.06,85.3,78.4,0,58.0,66.1,3.3,3,2,2.0,0
S1157,CSE,7.68,74.2,52.3,0,76.6,41.7,7.1,2,1,3.0,1
S1158,CSE,8.43,80.3,68.8,0,44.4,61.4,5.6,3,0,1.0,1
S1159,AI&DS,8.33,77.5,76.5,0,62.5,57.1,9.0,2,0,5.0,1
S1160,EEE,7.31,67.3,73.8,0,52.5,34.3,7.7,1,0,2.0,1
S1161,CSE,5.15,72.6,79.2,1,43.5,34.8,4.3,2,0,2.0,0
S1162,ECE,7.77,92.5,87.2,4,77.3,67.9,2.8,1,2,3.0,0
S1163,MECH,5.3,83.1,74.1,0,19.1,20.6,4.8,2,1,0.0,0
S1164,CSE,8.62,69.4,67.5,0,74.1,74.7,4.0,3,1,3.0,1
S1165,CSE,7.45,67.7,79.9,0,71.7,62.9,8.9,4,0,,1
S1166,MECH,8.2,79.1,74.1,0,59.4,22.9,6.0,1,1,2.0,1
S1167,MECH,6.49,92.5,75.6,0,46.4,49.0,7.5,0,0,4.0,1
S1168,ECE,5.9,78.5,74.4,0,50.1,8.8,5.5,1,2,2.0,0
S1169,MECH,7.53,90.5,97.2,0,62.0,57.3,5.7,3,3,1.0,1
S1170,CSE,7.27,82.8,56.8,0,63.5,46.2,5.9,0,1,1.0,0
S1171,AI&DS,6.86,83.8,73.5,1,59.9,53.5,7.8,2,3,3.0,1
S1172,EEE,7.38,69.3,77.0,0,40.9,19.9,6.5,2,0,1.0,0
S1173,IT,9.79,87.5,70.0,0,89.8,73.3,4.3,3,0,2.0,1
S1174,EEE,8.05,77.3,85.1,0,78.5,66.1,8.6,1,2,1.0,1
S1175,ECE,8.24,86.9,84.3,0,65.3,34.3,5.5,1,0,1.0,0
S1176,EEE,8.06,73.5,76.6,0,38.7,37.0,5.3,2,2,3.0,0
S1177,AI&DS,8.63,81.4,74.6,1,63.9,72.6,1.5,1,0,0.0,1
S1178,AI&DS,7.13,82.8,76.0,2,56.5,64.1,7.0,2,2,4.0,1
S1179,CSE,5.45,78.8,76.1,0,23.0,0.0,6.2,3,0,2.0,0
S1180,CSE,7.13,83.2,76.3,0,48.2,93.3,6.2,2,0,3.0,1
S1181,EEE,8.03,77.9,75.3,0,39.7,58.4,5.4,2,1,4.0,1
S1182,CSE,6.43,74.8,79.3,0,,64.0,5.1,2,3,2.0,1
S1183,CSE,7.14,92.8,83.8,0,56.2,52.3,5.4,2,1,2.0,1
S1184,CSE,6.68,88.4,65.9,2,25.3,17.0,6.7,1,1,4.0,0
S1185,CSE,8.65,73.9,67.5,0,71.1,76.9,7.0,2,0,2.0,1
S1186,MECH,7.97,84.5,61.3,0,59.5,37.3,5.6,2,0,1.0,0
S1187,AI&DS,7.89,74.1,84.8,0,67.4,69.9,7.5,1,0,,1
S1188,CIVIL,7.86,70.5,79.3,0,,43.2,5.9,0,2,2.0,1
S1189,CSE,7.27,88.3,81.5,2,42.7,60.3,5.2,0,0,3.0,0
S1190,ECE,7.48,66.4,64.1,0,44.9,30.3,6.3,2,0,3.0,1
S1191,AI&DS,6.23,87.4,93.1,0,38.4,66.0,3.8,1,1,2.0,0
S1192,AI&DS,5.33,78.0,71.5,0,39.5,21.6,6.4,1,1,0.0,0
S1193,MECH,7.44,78.3,78.5,1,58.3,87.5,3.5,0,1,3.0,0
S1194,CIVIL,7.59,83.3,84.7,0,54.5,88.3,4.4,0,0,2.0,1
S1195,MECH,8.39,84.6,68.1,0,57.4,81.6,2.8,3,1,2.0,1
S1196,CSE,8.71,73.4,72.1,0,61.0,88.7,5.7,3,1,3.0,1
S1197,IT,8.71,85.7,78.6,0,100.0,62.9,8.6,6,0,3.0,1
S1198,ECE,6.4,80.9,99.0,2,36.3,60.8,5.8,0,1,1.0,0
S1199,IT,6.98,70.0,79.7,0,44.1,52.3,7.0,1,0,4.0,1
S1200,EEE,7.73,78.6,91.5,0,100.0,17.1,9.8,1,2,0.0,1
